,Source Account,Text,Date,Compound Score,Positive Score,Negative Score,Neutral Score,Tweets Ago
0,BBC News (World),The bean at the heart of America's trade war https://t.co/nAZsK178Bt,Thu Aug 02 00:00:24 +0000 2018,-0.599,0.0,0.698,0.302,1
1,BBC News (World),Toddler mauled by dog dies in Australia https://t.co/0bfD4QMvrO,Wed Aug 01 23:45:14 +0000 2018,0.0,0.0,1.0,0.0,2
2,BBC News (World),The European populists monitoring 'sham' elections https://t.co/AKzn57XRiz,Wed Aug 01 23:11:21 +0000 2018,0.0,0.0,1.0,0.0,3
3,BBC News (World),Russia shocked by mysterious murder of three journalists in CAR https://t.co/85gLbMFKk2,Wed Aug 01 23:08:37 +0000 2018,-0.791,0.0,0.562,0.438,4
4,BBC News (World),Officer wins suit over claim he was mocked for black ancestry https://t.co/Xh20oNQpfW,Wed Aug 01 22:40:25 +0000 2018,0.34,0.231,0.625,0.144,5
5,BBC News (World),The moment a passenger plane crashed in Mexico has been captured on video ‚Äî thankfully all 103 people on board surv‚Ä¶ https://t.co/w2xVUcDz5I,Wed Aug 01 20:56:18 +0000 2018,0.422,0.128,0.872,0.0,6
6,BBC News (World),New Zealand PM Jacinda Ardern returns from maternity leave https://t.co/n98cTOtfWq,Wed Aug 01 20:14:58 +0000 2018,-0.052,0.0,0.882,0.118,7
7,BBC News (World),RT @BBCNews: Passengers were forced to evacuate a Ryanair flight after a mobile phone connected to an external battery pack burst into flam‚Ä¶,Wed Aug 01 19:48:28 +0000 2018,-0.459,0.0,0.87,0.13,8
8,BBC News (World),Jewellery thefts that shocked the world https://t.co/rnS0PY4ZlB,Wed Aug 01 19:31:55 +0000 2018,-0.318,0.0,0.723,0.277,9
9,BBC News (World),US hits Turkish ministers with sanctions over pastor Andrew Brunson https://t.co/jFfrpwyLfe,Wed Aug 01 19:02:10 +0000 2018,0.0,0.0,1.0,0.0,10
10,BBC News (World),McDonald's serves pregnant Canadian cleaning fluid latte https://t.co/QoFAExuDJN,Wed Aug 01 18:45:13 +0000 2018,0.0,0.0,1.0,0.0,11
11,BBC News (World),Ethiopia's exiled patriarch Bishop Merkorios returns https://t.co/91Z5uZ5zyR,Wed Aug 01 18:29:39 +0000 2018,0.0,0.0,1.0,0.0,12
12,BBC News (World),Shifted sands reveal Roman settlement in Alderney https://t.co/PcpyAU4wE9,Wed Aug 01 18:22:05 +0000 2018,0.0,0.0,1.0,0.0,13
13,BBC News (World),"""We had just taken off then the plane fell"" ‚Äî passengers on an Aerom√©xico flight that crashed in Mexico describe wh‚Ä¶ https://t.co/qcfy1jW8TL",Wed Aug 01 18:17:26 +0000 2018,0.0,0.0,1.0,0.0,14
14,BBC News (World),French rappers Booba and Kaaris brawl at Paris airport https://t.co/tbvLsBRmef,Wed Aug 01 17:31:12 +0000 2018,0.0,0.0,1.0,0.0,15
15,BBC News (World),Chinese takeover of German firm Leifeld collapses https://t.co/O4BWWIx6G8,Wed Aug 01 17:12:34 +0000 2018,-0.296,0.0,0.761,0.239,16
16,BBC News (World),In pictures: Zimbabwe election protesters clash with police https://t.co/hgy88mAoSF,Wed Aug 01 16:52:48 +0000 2018,-0.226,0.0,0.808,0.192,17
17,BBC News (World),'Disappearance' of top Chinese actress Fan Bingbing concerns fans https://t.co/9PV6o5jmEO,Wed Aug 01 16:36:25 +0000 2018,0.477,0.339,0.661,0.0,18
18,BBC News (World),Trump demands Russia probe end 'right now' https://t.co/dxNJ8aL4p4,Wed Aug 01 16:19:17 +0000 2018,0.0,0.0,1.0,0.0,19
19,BBC News (World),Canada's Ontario government cuts basic income project short https://t.co/aqZAvvnxt5,Wed Aug 01 16:05:00 +0000 2018,-0.296,0.0,0.784,0.216,20
20,BBC News (World),"üë£üë£üë£

""Imagine, if you would, a world without feet"" - Commuters in Toronto are getting travel tips from a very famou‚Ä¶ https://t.co/jKGFIm50x4",Wed Aug 01 15:09:43 +0000 2018,0.0,0.0,1.0,0.0,21
21,BBC News (World),Tajikistan attack: Four cyclists mown down are identified https://t.co/SgkM9D0G95,Wed Aug 01 14:48:28 +0000 2018,-0.477,0.0,0.721,0.279,22
22,BBC News (World),Zimbabwe election: MDC Alliance supporters in Harare clashes https://t.co/aon26GND5M,Wed Aug 01 14:35:31 +0000 2018,0.44,0.266,0.734,0.0,23
23,BBC News (World),How likely are you to survive a plane crash? https://t.co/RouWcuAwgh,Wed Aug 01 14:12:05 +0000 2018,-0.402,0.0,0.748,0.252,24
24,BBC News (World),Jellyfish sting dozens as Germany and Sweden battle plague https://t.co/Bn5L4zqrdV,Wed Aug 01 13:37:54 +0000 2018,-0.382,0.0,0.776,0.224,25
25,BBC News (World),Greek wildfires: Failures revealed after Mati disaster https://t.co/wSIUcaaBZQ,Wed Aug 01 13:27:17 +0000 2018,-0.796,0.0,0.458,0.542,26
26,BBC News (World),Stranded Russian climber 'hallucinated' during Pakistan ordeal https://t.co/NWV72mRByf,Wed Aug 01 13:08:41 +0000 2018,0.0,0.0,1.0,0.0,27
27,BBC News (World),Dengue fever outbreak stopped by special mosquitoes https://t.co/S85hOEmFMU,Wed Aug 01 13:03:35 +0000 2018,0.202,0.255,0.566,0.179,28
28,BBC News (World),Ex-warlord Jean-Pierre Bemba welcomed home to DR Congo https://t.co/cRslQb54eJ,Wed Aug 01 12:41:25 +0000 2018,0.34,0.231,0.769,0.0,29
29,BBC News (World),Trump claims Americans need ID to go shopping https://t.co/RQn7pKP2iu,Wed Aug 01 12:12:37 +0000 2018,0.0,0.0,1.0,0.0,30
30,BBC News (World),Korea remains: US finds one 'dog tag' among war dead returned by North Korea https://t.co/9i51sSyu1t,Wed Aug 01 11:01:43 +0000 2018,-0.848,0.0,0.613,0.387,31
31,BBC News (World),Joey Dunlop's TT winning outfit to be auctioned https://t.co/RdYVrSQ7HE,Wed Aug 01 10:59:06 +0000 2018,0.527,0.298,0.702,0.0,32
32,BBC News (World),RT @BBCBusiness: Tesla boss Elon Musk facing two lawsuits https://t.co/zKpL6HWAkb,Wed Aug 01 10:57:05 +0000 2018,-0.153,0.0,0.849,0.151,33
33,BBC News (World),Democratic Republic of Congo profile - Timeline https://t.co/oqZhVjdxa3,Wed Aug 01 10:30:23 +0000 2018,0.0,0.0,1.0,0.0,34
34,BBC News (World),DR Congo country profile https://t.co/5GrFJeyX4p,Wed Aug 01 10:28:03 +0000 2018,0.0,0.0,1.0,0.0,35
35,BBC News (World),Machu Picchu train crash: Collision injures 15 tourists in Peru https://t.co/CgcT7b4KWw,Wed Aug 01 10:04:12 +0000 2018,-0.637,0.0,0.634,0.366,36
36,BBC News (World),Koreans turn to ice vests and hot soup in record Seoul heat https://t.co/mbS1uVrvqT,Wed Aug 01 09:50:19 +0000 2018,0.0,0.0,1.0,0.0,37
37,BBC News (World),RT @BBCAfrica: Zimbabwe elections: The bones that haunt the country https://t.co/lUZQPIOUlg https://t.co/WBA5rJ5yJZ,Wed Aug 01 09:17:13 +0000 2018,-0.402,0.0,0.803,0.197,38
38,BBC News (World),"RT @BBC_HaveYourSay: üë©‚Äç‚úàÔ∏èDaughter pilots mum's final flight as an air hostess. ‚úàÔ∏è
https://t.co/0YS4PsU0uz",Wed Aug 01 09:15:06 +0000 2018,0.0,0.0,1.0,0.0,39
39,BBC News (World),Swedish crown jewels: Speedboat thieves steal priceless treasures https://t.co/sHFod8j8YC,Wed Aug 01 08:35:10 +0000 2018,-0.178,0.335,0.289,0.376,40
40,BBC News (World),Zimbabwe's Zanu-PF 'has most seats' https://t.co/mlJ5PgtEfa,Wed Aug 01 08:01:52 +0000 2018,0.0,0.0,1.0,0.0,41
41,BBC News (World),"Meet Mamma Maria, the Greek mother who feeds refugees and says threats won't stop her 

https://t.co/KVh5uI8dTw https://t.co/QTnNvrgRvz",Wed Aug 01 07:46:07 +0000 2018,-0.229,0.096,0.762,0.142,42
42,BBC News (World),"Not Middle Earth or Westeros, but Vietnam. 

This outstanding new bridge has taken the internet by storm‚Ä¶ https://t.co/j8IkZyk1ky",Wed Aug 01 06:37:35 +0000 2018,0.824,0.28,0.72,0.0,43
43,BBC News (World),"RT @BBCSport: Incredible.

Johanna Konta has inflicted the worst defeat of Serena Williams' career üëâ https://t.co/G8me6nYIG0 https://t.co/Q‚Ä¶",Wed Aug 01 05:53:37 +0000 2018,-0.796,0.0,0.717,0.283,44
44,BBC News (World),Window-smashing kangaroo escapes from shelter in Australia https://t.co/P4sbbcV3wS,Wed Aug 01 04:59:52 +0000 2018,0.128,0.176,0.824,0.0,45
45,BBC News (World),"RT @SallyBundockBBC: If you are a #Facebook user tell us what you're up to. Do you use the social media platform to connect, for news, shop‚Ä¶",Wed Aug 01 03:02:23 +0000 2018,0.0,0.0,1.0,0.0,46
46,BBC News (World),Plastic bags: Australia anger over Coles 'caving in to tantrums' https://t.co/rKmTzka50v,Wed Aug 01 02:56:19 +0000 2018,-0.735,0.0,0.592,0.408,47
47,BBC News (World),How to print your own firearm https://t.co/QwdhuPa7MJ,Wed Aug 01 02:13:11 +0000 2018,0.0,0.0,1.0,0.0,48
48,BBC News (World),US release of 3D-printed gun software blocked https://t.co/KupI0zwD3i,Wed Aug 01 01:53:35 +0000 2018,-0.542,0.0,0.571,0.429,49
49,BBC News (World),100 Women: Playing mother to El Salvador's gang children https://t.co/JbpDgxJGQr,Tue Jul 31 23:25:26 +0000 2018,0.202,0.167,0.833,0.0,50
50,BBC News (World),Disinvited - the bridesmaids no longer needed https://t.co/J1GHxeizPL,Tue Jul 31 23:05:54 +0000 2018,-0.296,0.0,0.732,0.268,51
51,BBC News (World),Black Panther spin-off: How author Nnedi Okorafor found her identity https://t.co/ckuLR5VGzw,Tue Jul 31 23:03:24 +0000 2018,0.0,0.0,1.0,0.0,52
52,BBC News (World),US embassy in London auctions off toilet rolls and old goods https://t.co/L3AJUtNMDB,Tue Jul 31 22:47:08 +0000 2018,0.0,0.0,1.0,0.0,53
53,BBC News (World),Canada says it is using DNA websites to identify some migrants https://t.co/r0DMkoIp9M,Tue Jul 31 22:01:07 +0000 2018,0.0,0.0,1.0,0.0,54
54,BBC News (World),Airliner crashes in Mexico - reports https://t.co/4omqnDT7gZ,Tue Jul 31 21:43:38 +0000 2018,0.0,0.0,1.0,0.0,55
55,BBC News (World),"RT @BBCBreaking: Plane with at least 80 on board crashes in Mexican city of Durango, local media report https://t.co/BrNF7LDkq8",Tue Jul 31 21:42:30 +0000 2018,0.0,0.0,1.0,0.0,56
56,BBC News (World),South Africa to amend constitution to allow land expropriation https://t.co/uPKuWAejmT,Tue Jul 31 21:28:39 +0000 2018,0.226,0.174,0.826,0.0,57
57,BBC News (World),'A horrendous battle': Dry conditions fuel California wildfires https://t.co/lipl6doKJX,Tue Jul 31 21:10:47 +0000 2018,-0.586,0.0,0.678,0.322,58
58,BBC News (World),The unlikely US box office stars https://t.co/28KqKfpark,Tue Jul 31 19:44:26 +0000 2018,0.0,0.0,1.0,0.0,59
59,BBC News (World),The face behind a stock image: How I gave away my face for free https://t.co/30VPyr7uqN,Tue Jul 31 19:01:02 +0000 2018,0.511,0.216,0.784,0.0,60
60,BBC News (World),"RT @BBCNorthAmerica: Calling all mothers! We‚Äôre working on a video about going back to work after having a baby, and we want to hear about‚Ä¶",Tue Jul 31 18:54:46 +0000 2018,0.151,0.067,0.933,0.0,61
61,BBC News (World),Central African Republic: Russian journalists die in ambush https://t.co/20UsopoIQL,Tue Jul 31 18:13:36 +0000 2018,-0.599,0.0,0.672,0.328,62
62,BBC News (World),Vancouver man shoved into oncoming traffic https://t.co/FxaOTk1B7y,Tue Jul 31 17:10:53 +0000 2018,0.0,0.0,1.0,0.0,63
63,BBC News (World),"Car crush TV üò±

60 luxury vehicles destroyed in Philippines smuggling crackdown https://t.co/B7JqzYrWT8 https://t.co/dWA5sY3GsM",Tue Jul 31 16:31:23 +0000 2018,-0.914,0.0,0.467,0.533,64
64,BBC News (World),Florida paramedics 'racially profiled' dying woman https://t.co/Qc2Jm2KD8K,Tue Jul 31 16:17:37 +0000 2018,0.0,0.0,1.0,0.0,65
65,BBC News (World),Full story: Shark 'recovering' after aquarium pram kidnap https://t.co/NjP7ki3LNh,Tue Jul 31 15:54:56 +0000 2018,0.0,0.0,1.0,0.0,66
66,BBC News (World),"Disguised as a baby and stolen from an aquarium ü¶à

Now Miss Helen the horn shark is back where she belongs https://t.co/W6oQaqiiY1",Tue Jul 31 15:41:32 +0000 2018,-0.71,0.0,0.723,0.277,67
67,BBC News (World),"RT @BBCNorthAmerica: Have you been asked to relinquish your duties as a bridesmaid? Or, have you disinvited your bridesmaid or a guest from‚Ä¶",Tue Jul 31 15:38:52 +0000 2018,0.0,0.0,1.0,0.0,68
68,BBC News (World),Mexico's Popocat√©petl volcano spews ash high into the sky https://t.co/iYESDgTIgj,Tue Jul 31 15:27:59 +0000 2018,0.0,0.0,1.0,0.0,69
69,BBC News (World),Missing Malaysia flight MH370: Aviation chief quits over failings https://t.co/HMDmiqj3OJ,Tue Jul 31 14:37:16 +0000 2018,-0.66,0.0,0.597,0.403,70
70,BBC News (World),"RT @BBCNews: #HappyBirthdayHarryPotter!

This is how the boy wizard enchanted the world https://t.co/IUE40g5UtA https://t.co/nQQb1kjkMf",Tue Jul 31 14:35:40 +0000 2018,0.439,0.182,0.818,0.0,71
71,BBC News (World),Alaska Airlines: Gay man accuses company of discrimination https://t.co/37IMMxZbue,Tue Jul 31 13:38:57 +0000 2018,-0.34,0.0,0.769,0.231,72
72,BBC News (World),Slovakia alarmed by pro-Putin Night Wolves bikers' base https://t.co/xkes4ataUX,Tue Jul 31 13:26:28 +0000 2018,-0.34,0.0,0.769,0.231,73
73,BBC News (World),'Bigfoot erotica' row turns Virginia congressional race ugly https://t.co/pdYtm6gON8,Tue Jul 31 13:06:21 +0000 2018,-0.511,0.0,0.708,0.292,74
74,BBC News (World),German heatwave causes beer bottle shortage as sales surge https://t.co/62E1UN4pIv,Tue Jul 31 12:53:23 +0000 2018,-0.25,0.0,0.818,0.182,75
75,BBC News (World),Did MI5 miss chance to catch Manchester Arena bomber Salman Abedi? https://t.co/u7PPXhALlv,Tue Jul 31 12:46:06 +0000 2018,0.103,0.147,0.735,0.118,76
76,BBC News (World),Romanian police confiscate anti-government number plates https://t.co/nfC81DCEZ1,Tue Jul 31 12:36:38 +0000 2018,0.077,0.178,0.822,0.0,77
77,BBC News (World),D√ºsseldorf neo-Nazi attack: Defendant acquitted of bomb blast https://t.co/J4AssUv1gj,Tue Jul 31 12:33:58 +0000 2018,-0.649,0.14,0.42,0.441,78
78,BBC News (World),Iranians criticise Trump's offer of talks https://t.co/NjlnmBuHcU,Tue Jul 31 12:23:52 +0000 2018,-0.44,0.0,0.674,0.326,79
79,BBC News (World),Italian athlete Osakue fears climate of violence after attack https://t.co/QBjyCyfn2V,Tue Jul 31 12:08:32 +0000 2018,-0.875,0.0,0.412,0.588,80
80,BBC News (World),Stranded Russian climber rescued after six-day ordeal in Pakistan https://t.co/oi8qbSW2yj,Tue Jul 31 12:01:26 +0000 2018,0.422,0.237,0.763,0.0,81
81,BBC News (World),Kenya's Tourism Minister sorry for saying 'go to hell' https://t.co/rj3SDevE6f,Tue Jul 31 11:24:12 +0000 2018,-0.71,0.0,0.576,0.424,82
82,BBC News (World),Colombia shoot-out kills eight in area hit by rebel feud https://t.co/IgOq5ouXWL,Tue Jul 31 10:52:03 +0000 2018,-0.758,0.0,0.516,0.484,83
83,BBC News (World),Dareen Tatour: Israeli Arab poet sentenced for incitement https://t.co/6GLhP5wyDF,Tue Jul 31 10:42:08 +0000 2018,-0.026,0.0,0.879,0.121,84
84,BBC News (World),Southern Agricultural Show: 'Special' bull named supreme champion https://t.co/3GyOfgeXkj,Tue Jul 31 10:21:49 +0000 2018,0.818,0.517,0.483,0.0,85
85,BBC News (World),"The battle to stop former Islamic State fighters getting to Europe 

https://t.co/FFeNmOa2ne https://t.co/pUFcKzoKaS",Tue Jul 31 10:11:57 +0000 2018,-0.612,0.0,0.625,0.375,86
86,BBC News (World),"Miss Helen, shark stolen in a pram, recovering in US aquarium https://t.co/jPxIarATwO",Tue Jul 31 09:21:52 +0000 2018,-0.586,0.0,0.652,0.348,87
87,BBC News (World),Zimbabwe election: Mnangagwa and Chamisa both upbeat https://t.co/42xf894DGv,Tue Jul 31 08:57:57 +0000 2018,0.0,0.0,1.0,0.0,88
88,BBC News (World),New Zealand sexist road sign changed by seven-year-old girl https://t.co/ooHEslKjhD,Tue Jul 31 07:52:33 +0000 2018,0.0,0.0,1.0,0.0,89
89,BBC News (World),India telecom chief denies losing dare to hackers https://t.co/VjFUWULMcW,Tue Jul 31 07:47:23 +0000 2018,-0.66,0.0,0.565,0.435,90
90,BBC News (World),"RT @BBCNewsbeat: Fans have praised Chrissy Teigan for showing her 'mom bod' üôå
https://t.co/H21BRMFeYr",Tue Jul 31 07:14:46 +0000 2018,0.494,0.186,0.814,0.0,91
91,BBC News (World),Does the death penalty deter rape in India? https://t.co/x214kpsRsn,Tue Jul 31 07:02:10 +0000 2018,-0.912,0.0,0.341,0.659,92
92,BBC News (World),False widow spider 'devours' native lizard https://t.co/JRGZdGVoCd,Tue Jul 31 05:49:49 +0000 2018,0.0,0.0,1.0,0.0,93
93,BBC News (World),Lombok earthquake: 543 hikers evacuated from Mt Rinjani https://t.co/osNkO31id8,Tue Jul 31 03:37:41 +0000 2018,0.0,0.0,1.0,0.0,94
94,BBC News (World),Backpackers attacked with shovel in Australian bush https://t.co/ZuioxsSWKf,Tue Jul 31 03:16:41 +0000 2018,-0.459,0.0,0.7,0.3,95
95,BBC News (World),"RT @AboutTheBBC: More women than ever before are watching, reading and listening to the BBC in #Afghanistan, thanks to @BBCWorldService htt‚Ä¶",Tue Jul 31 02:40:07 +0000 2018,0.44,0.127,0.873,0.0,96
96,BBC News (World),"North Korea 'working on new missiles', US officials say https://t.co/N84Oc6IKIS",Tue Jul 31 02:25:20 +0000 2018,0.0,0.0,1.0,0.0,97
97,BBC News (World),"RT @bbcweather: #Winterlude will feel like a distant memory by this weekend, especially for those in the southern half of the country where‚Ä¶",Tue Jul 31 01:52:42 +0000 2018,0.361,0.106,0.894,0.0,98
98,BBC News (World),UK man's rape conviction quashed in Sydney https://t.co/RXY0qDtVjG,Tue Jul 31 00:54:45 +0000 2018,-0.691,0.0,0.598,0.402,99
99,BBC News (World),Fast fashion: Inside the fight to end the silence on waste https://t.co/u6PCrBbNCm,Tue Jul 31 00:44:23 +0000 2018,-0.66,0.0,0.649,0.351,100
100,CBS,Celebrate #NationalAvocadoDay with @letsmakeadeal. ü•ë Relive this #LMAD moment when an avocado wins one amazing deal! https://t.co/QS8GLajWU5,Tue Jul 31 21:02:33 +0000 2018,0.91,0.451,0.549,0.0,1
101,CBS,"Housewives. PTA moms. School volunteers. Starting TONIGHT, hear the stories of seemingly innocent women who put it‚Ä¶ https://t.co/5TA15OiTuh",Sat Jul 28 16:43:56 +0000 2018,0.34,0.124,0.876,0.0,2
102,CBS,"This is one allowance that can‚Äôt be beat! Kids are winning big this week on @PriceIsRight. üéâ
 https://t.co/lncKu9XvNo",Wed Jul 25 17:25:36 +0000 2018,0.75,0.273,0.727,0.0,3
103,CBS,"Renowned artists Cher, Philip Glass, Reba McEntire, Wayne Shorter, and the co-creators of #Hamilton will be recogni‚Ä¶ https://t.co/PEjjI9MKE1",Wed Jul 25 15:12:31 +0000 2018,0.0,0.0,1.0,0.0,4
104,CBS,Who's excited for the return of @MurphyBrownCBS? Here's a behind-the-scenes look at the first table read of the sea‚Ä¶ https://t.co/1B5S4WJnCW,Wed Jul 25 01:05:03 +0000 2018,0.34,0.118,0.882,0.0,5
105,CBS,"Mark your calendars because you won‚Äôt want to miss this! Former Secretaries of State @HillaryClinton, @Madeleine, a‚Ä¶ https://t.co/JKDPp97OqN",Tue Jul 24 18:54:14 +0000 2018,-0.151,0.068,0.834,0.099,6
106,CBS,The cast couldn‚Äôt be more excited to welcome @ansonmount into the @startrekcbs family! Who‚Äôs ready to see the iconi‚Ä¶ https://t.co/fOS4f4VCb2,Mon Jul 23 21:30:33 +0000 2018,0.829,0.34,0.66,0.0,7
107,CBS,RT @startrekcbs: Stream the full panel &amp; learn all the exclusive details revealed about season 2 of #StarTrekDiscovery at @Comic_Con: https‚Ä¶,Sun Jul 22 01:56:13 +0000 2018,0.128,0.073,0.927,0.0,8
108,CBS,RT @MagnumPICBS: Couldn't make it to San Diego for the #MagnumPI panel? Here's everything you missed at #SDCC2018: https://t.co/Z7IBqF1YJ8‚Ä¶,Sat Jul 21 00:55:28 +0000 2018,-0.296,0.0,0.891,0.109,9
109,CBS,RT @bigbangtheory: The #BigBangTheory writers teased a honeymoon episode and more @YoungSheldon characters in Season 12 while speaking at #‚Ä¶,Sat Jul 21 00:19:12 +0000 2018,-0.296,0.0,0.891,0.109,10
110,CBS,"RT @TrueCrimeCBS: When you find out you‚Äôve been treated with chemo, but you don‚Äôt have cancer. #Whistleblower https://t.co/DAKwu1vcNX",Sat Jul 21 00:10:00 +0000 2018,-0.796,0.0,0.736,0.264,11
111,CBS,George blew the whistle on a doctor targeting those who believed they had cancer. What was the outcome? Find out to‚Ä¶ https://t.co/rLlNzlK3Cy,Fri Jul 20 23:44:54 +0000 2018,-0.66,0.0,0.82,0.18,12
112,CBS,"RT @startrekcbs: Discover the next adventure of Starfleet in this first look at the season 2 premiere, coming early 2019. Season 1 is now s‚Ä¶",Fri Jul 20 22:29:36 +0000 2018,0.318,0.095,0.905,0.0,13
113,CBS,Take a trip down memory lane with the cast and crew of @MagnumPICBS at #SDCC2018! https://t.co/jHVxm7kyaT,Fri Jul 20 21:39:09 +0000 2018,0.0,0.0,1.0,0.0,14
114,CBS,"This @cbsallaccess series is unlike any fairy tale you've ever seen before. @paulwesley, @kevwilliamson &amp;‚Ä¶ https://t.co/icsSnPxKAr",Fri Jul 20 15:08:23 +0000 2018,0.0,0.0,1.0,0.0,15
115,CBS,ü§∞üë©‚Äçüëßüö´üç∏ #WorldEmojiDay,Tue Jul 17 17:55:25 +0000 2018,0.0,0.0,1.0,0.0,16
116,CBS,üë®üìù‚úîÔ∏è¬†#WorldEmojiDay,Tue Jul 17 17:22:29 +0000 2018,0.0,0.0,1.0,0.0,17
117,CBS,üë©‚Äçüíºüíºüá∫üá∏¬†#WorldEmojiDay,Tue Jul 17 17:22:29 +0000 2018,0.0,0.0,1.0,0.0,18
118,CBS,üïµÔ∏èüïµÔ∏è‚Äç‚ôÄÔ∏è¬†#WorldEmojiDay,Tue Jul 17 17:22:29 +0000 2018,0.0,0.0,1.0,0.0,19
119,CBS,‚öìÔ∏èü¶Öüá∫üá∏¬†#WorldEmojiDay,Tue Jul 17 17:22:29 +0000 2018,0.0,0.0,1.0,0.0,20
120,CBS,üèÑüå¥üöî¬†#WorldEmojiDay,Tue Jul 17 17:22:29 +0000 2018,0.0,0.0,1.0,0.0,21
121,CBS,üíôüëÆüçΩ¬†#WorldEmojiDay,Tue Jul 17 17:22:28 +0000 2018,0.0,0.0,1.0,0.0,22
122,CBS,üí£üìé¬†#WorldEmojiDay,Tue Jul 17 17:22:28 +0000 2018,0.0,0.0,1.0,0.0,23
123,CBS,üåé‚òÑÔ∏è¬†#WorldEmojiDay,Tue Jul 17 17:22:28 +0000 2018,0.0,0.0,1.0,0.0,24
124,CBS,üè∑üí∞üé∞¬†#WorldEmojiDay,Tue Jul 17 17:22:28 +0000 2018,0.0,0.0,1.0,0.0,25
125,CBS,üë∂üò¥üö´¬†#WorldEmojiDay,Tue Jul 17 17:22:28 +0000 2018,0.0,0.0,1.0,0.0,26
126,CBS,ü§ùüíºüí∞¬†#WorldEmojiDay,Tue Jul 17 17:22:28 +0000 2018,0.0,0.0,1.0,0.0,27
127,CBS,üíÑüë†üì∑¬†#WorldEmojiDay,Tue Jul 17 17:22:27 +0000 2018,0.0,0.0,1.0,0.0,28
128,CBS,üèùüî•üíµ¬†#WorldEmojiDay,Tue Jul 17 17:22:27 +0000 2018,0.0,0.0,1.0,0.0,29
129,CBS,üêÆ‚öñÔ∏è¬†#WorldEmojiDay,Tue Jul 17 17:22:27 +0000 2018,0.0,0.0,1.0,0.0,30
130,CBS,üè†üìπüìπüìπ¬†#WorldEmojiDay,Tue Jul 17 17:22:27 +0000 2018,0.0,0.0,1.0,0.0,31
131,CBS,üë∂üí•üåéüî¨¬†#WorldEmojiDay,Tue Jul 17 17:22:27 +0000 2018,0.0,0.0,1.0,0.0,32
132,CBS,üí•üåéüî¨¬†#WorldEmojiDay,Tue Jul 17 17:22:26 +0000 2018,0.0,0.0,1.0,0.0,33
133,CBS,Celebrate #WorldEmojiDay with a fun game! Use the emoji sequences below to guess the CBS show. üëá Tweet your respons‚Ä¶ https://t.co/LCqvuVtkXK,Tue Jul 17 17:22:26 +0000 2018,0.807,0.258,0.742,0.0,34
134,CBS,"Stand up. Speak up. Blow the whistle. 

Don't miss the premiere of the @TrueCrimeCBS series #Whistleblower tonight‚Ä¶ https://t.co/uNhx4Codc2",Fri Jul 13 21:35:01 +0000 2018,0.114,0.078,0.922,0.0,35
135,CBS,"RT @TheNeighborhood: There's a new family on the block, and they're about to turn this neighborhood upside down. @CedEntertainer and @Tichi‚Ä¶",Fri Jul 13 21:15:41 +0000 2018,-0.44,0.0,0.868,0.132,36
136,CBS,Take a walk down @YandR_CBS memory lane with stars @JessWaltonYR and Peter Bergman! You can watch full episodes of‚Ä¶ https://t.co/MZEUfiJJyb,Fri Jul 13 17:49:38 +0000 2018,0.0,0.0,1.0,0.0,37
137,CBS,RT @TKOCBS: Prepare to have some major FUN. #TKO starts NOW! https://t.co/i2ftL6GCj5,Thu Jul 12 01:01:24 +0000 2018,0.651,0.282,0.718,0.0,38
138,CBS,"It‚Äôs fun, different, unique, and finally here! @TKOCBS hosted by @KevinHart4real premieres at 9/8c on CBS and‚Ä¶ https://t.co/MCeVLVK85i",Wed Jul 11 21:44:45 +0000 2018,0.556,0.174,0.826,0.0,39
139,CBS,"RT @MagnumPICBS: Talk about hands-on research! #MagnumPI's cast had the honor of joining the US Navy Submarine Force, US Pacific Fleet #Sub‚Ä¶",Wed Jul 11 19:09:34 +0000 2018,0.541,0.143,0.857,0.0,40
140,CBS,Time to mark your calendars! CBS' fall 2018 premiere lineup has been announced: https://t.co/yYv3H9aEO7 https://t.co/lRxAA7suie,Mon Jul 09 23:55:07 +0000 2018,0.0,0.0,1.0,0.0,41
141,CBS,"RT @TKOCBS: The Ball Buster, the Frisboom, the Spike Launcher, and the Slammer‚Ä¶ Get to know all of the #TKO Battle Stations: https://t.co/2‚Ä¶",Mon Jul 09 18:53:34 +0000 2018,-0.382,0.0,0.894,0.106,42
142,CBS,"RT @cbsallaccess: How much does it cost to bury the truth? #OneDollar premieres August 30, exclusively on CBS All Access. https://t.co/2HdY‚Ä¶",Mon Jul 09 18:09:00 +0000 2018,0.318,0.103,0.897,0.0,43
143,CBS,"RT @SalvationCBS: Mark your calendars, #Salvies: Monday's new #SalvationCBS will air at a special time, 10/9c. https://t.co/RUh1J7cfj8",Fri Jul 06 22:22:55 +0000 2018,0.402,0.153,0.847,0.0,44
144,CBS,Happy #InternationalKissingDay! See which stars we caught locking lips on the CBS Kiss Cam. üòò https://t.co/oMPCHZlgCl,Fri Jul 06 18:26:37 +0000 2018,0.862,0.39,0.61,0.0,45
145,CBS,Have you heard? Tonight's the first Live Show of #BB20. Grab a seat and get ready to watch the action unfold on CBS‚Ä¶ https://t.co/0YgRV1HLGd,Thu Jul 05 21:12:17 +0000 2018,0.361,0.102,0.898,0.0,46
146,CBS,"How much does it cost to bury the truth? #OneDollar premieres Thursday, August 30, exclusively on CBS All Access.‚Ä¶ https://t.co/1tab8eCaFz",Mon Jul 02 21:13:11 +0000 2018,0.318,0.108,0.892,0.0,47
147,CBS,Take a first look at our @Comic_Con lineup along with details of what you can expect to see:‚Ä¶ https://t.co/JqBtlKcwq3,Mon Jul 02 20:47:32 +0000 2018,0.0,0.0,1.0,0.0,48
148,CBS,RT @TrueCrimeCBS: Two new true-crime series are set to premiere this July on CBS! Learn more about #Whistleblower and #PinkCollarCrimes bef‚Ä¶,Mon Jul 02 17:27:06 +0000 2018,0.0,0.0,1.0,0.0,49
149,CBS,"If at first you don‚Äôt succeed on @PriceIsRight‚Ä¶bid, bid again! https://t.co/OWBaOsFZ3i",Mon Jul 02 17:00:02 +0000 2018,0.541,0.259,0.741,0.0,50
150,CBS,What‚Äôs summer without @CBSBigBrother? ‚òÄÔ∏è RT if you‚Äôre counting down the hours to the #BB20 premiere TONIGHT at 8/7c‚Ä¶ https://t.co/Xp1s4Fp5J8,Wed Jun 27 20:31:32 +0000 2018,0.0,0.0,1.0,0.0,51
151,CBS,"It looks like you...

(‚Ä¢_‚Ä¢)
( ‚Ä¢_‚Ä¢)&gt;‚åê‚ñ†-‚ñ†
(‚åê‚ñ†_‚ñ†)

Have a lot of TV to watch!

Celebrate #NationalSunglassesDay with H‚Ä¶ https://t.co/Babt4ajIgV",Wed Jun 27 14:00:01 +0000 2018,0.757,0.289,0.711,0.0,52
152,CBS,The world will finally know the truth. ‚òÑÔ∏è Make sure to tune in to the heart-pounding Season 2 premiere of‚Ä¶ https://t.co/mqMleW90DY,Mon Jun 25 18:20:25 +0000 2018,0.557,0.204,0.796,0.0,53
153,CBS,Tonight's the night! Don't miss model @ashleygraham on the season finale of Celebrity @undercover_cbs at 8/7c. https://t.co/iBxAOcOF7a,Fri Jun 22 21:19:06 +0000 2018,0.187,0.098,0.902,0.0,54
154,CBS,"Every day is #TakeYourDogToWorkDay for shows like @HawaiiFive0CBS, @MomCBS, @SEALTeamCBS, and @bigbangtheory! https://t.co/DJaOt1VQcw",Fri Jun 22 18:33:53 +0000 2018,0.42,0.189,0.811,0.0,55
155,CBS,"Lights, camera, selfie! üì∏¬†Could there be a better photo for #NationalSelfieDay? https://t.co/14Ewx64yKC",Thu Jun 21 23:29:50 +0000 2018,0.493,0.197,0.803,0.0,56
156,CBS,There‚Äôs nothing quite like watching a contestant win a brand new car on @PriceIsRight. üëè  https://t.co/aKlFikYAMM,Wed Jun 20 00:39:01 +0000 2018,0.356,0.199,0.68,0.122,57
157,CBS,Time to make your predictions for #BB20! üëè Get to know the @CBSBigBrother Houseguests before the big premiere next‚Ä¶ https://t.co/jlpIchJ9sk,Mon Jun 18 20:27:50 +0000 2018,0.0,0.0,1.0,0.0,58
158,CBS,RT @CBSBigBrother: Meet the cast of #BB20... before anyone else! Start streaming all their live interviews beginning at 11am EST/8am PST on‚Ä¶,Mon Jun 18 15:00:46 +0000 2018,0.0,0.0,1.0,0.0,59
159,CBS,"Today and every day we celebrate their love, guidance, and support. Happy #FathersDay to every kind of dad! https://t.co/Wffax1khBH",Sun Jun 17 13:00:01 +0000 2018,0.939,0.493,0.507,0.0,60
160,CBS,"Casting Alert! @paulwesley, @DaniaJRamirez &amp; @JamesWolk are set to star in the upcoming CBS All Access psychologica‚Ä¶ https://t.co/JnZMrzT92n",Fri Jun 15 18:48:29 +0000 2018,0.36,0.128,0.872,0.0,61
161,CBS,"In case you missed it, watch the entire #TonyAwards now: https://t.co/Bm0yNV3Ff3 https://t.co/h3YnFkmSQJ",Thu Jun 14 17:30:00 +0000 2018,-0.296,0.0,0.833,0.167,62
162,CBS,RT @StrangeAngel: Mastermind or maniac? Explore the brilliant mind of Jack Parsons in #StrangeAngel. Now streaming on CBS All Access: https‚Ä¶,Thu Jun 14 16:19:32 +0000 2018,0.178,0.147,0.734,0.12,63
163,CBS,"No pain, no gain, ALL Hart! Just one month until the premiere of @TKOCBS hosted by @KevinHart4real. https://t.co/C1yMCglxVn",Tue Jun 12 00:19:23 +0000 2018,-0.556,0.134,0.551,0.315,64
164,CBS,"RT @TheNeighborhood: Welcome to #TheNeighborhood, @BethBehrs! The @2BrokeGirls star returns to @CBS in a new sitcom alongside @CedEntertain‚Ä¶",Mon Jun 11 22:23:06 +0000 2018,0.509,0.171,0.829,0.0,65
165,CBS,"In case you missed it, watch the entire #TonyAwards now: https://t.co/Bm0yNV3Ff3 https://t.co/3GA5otlcPa",Mon Jun 11 19:01:38 +0000 2018,-0.296,0.0,0.833,0.167,66
166,CBS,How do you know @SaraBareilles and @joshgroban's music? #TonyAwards https://t.co/POMXBORfUT,Mon Jun 11 14:00:37 +0000 2018,0.0,0.0,1.0,0.0,67
167,CBS,Here are all the performances from the 2018 #TonyAwards: https://t.co/gN4ItpFlRd https://t.co/fSMNBXKC9r,Mon Jun 11 06:19:36 +0000 2018,0.0,0.0,1.0,0.0,68
168,CBS,See the complete list of winners from the 2018 #TonyAwards: https://t.co/9XK6CGeber https://t.co/HkUIN4Quej,Mon Jun 11 06:04:41 +0000 2018,0.477,0.22,0.78,0.0,69
169,CBS,An end to a magical evening. The Band's Visit wins for Best Musical! #TonyAwards https://t.co/ODza97n8YH,Mon Jun 11 03:10:33 +0000 2018,0.848,0.406,0.594,0.0,70
170,CBS,Congratulations are in order for @TheKatrinaLenk! She just won for Best Leading Actress in a Musical. #TonyAwards https://t.co/t9bNvpiEmH,Mon Jun 11 03:02:06 +0000 2018,0.92,0.463,0.537,0.0,71
171,CBS,"RT @CBSThisMorning: Hmm... something seems off here @SaraBareilles @JoshGroban. üòÇ

@WaitressMusical @GreatCometBway #TonyAwards https://t.c‚Ä¶",Mon Jun 11 02:58:30 +0000 2018,0.44,0.175,0.737,0.088,72
172,CBS,RT @_stobin13: watching the #TonyAwards after going to 3 broadway shows this weekend makes it even better üòçü§©,Mon Jun 11 02:56:40 +0000 2018,0.44,0.153,0.847,0.0,73
173,CBS,Tony Shalhoub wins Best Leading Actor in a Musical. #TonyAwards   #TheBandsVisit https://t.co/KcUDSicKI5,Mon Jun 11 02:56:10 +0000 2018,0.836,0.467,0.533,0.0,74
174,CBS,The Boss looks right at home on the #TonyAwards stage! https://t.co/pwjv4iydkn,Mon Jun 11 02:53:00 +0000 2018,0.0,0.0,1.0,0.0,75
175,CBS,RT @Aatamianphoto: Springsteen is on the #TonyAwards and I love it.,Mon Jun 11 02:47:29 +0000 2018,0.637,0.318,0.682,0.0,76
176,CBS,Inspiration: Get to your YES! #OnceOnThisIsland #TonyAwards https://t.co/Wjp0QIWfXq,Mon Jun 11 02:44:50 +0000 2018,0.798,0.543,0.457,0.0,77
177,CBS,The feeling when you win a Tony. üôå¬†Congratulations to Once on This Island for winning Best Revival of a Musical!‚Ä¶ https://t.co/UpFCqgBTwh,Mon Jun 11 02:44:37 +0000 2018,0.952,0.516,0.484,0.0,78
178,CBS,What a beautiful performance by the cast of #TheBandsVisit. #TonyAwards https://t.co/4Hw96kZvrf,Mon Jun 11 02:33:09 +0000 2018,0.599,0.302,0.698,0.0,79
179,CBS,"""I'm a living example of how theatre can change you - and it didn't just change me, it saved me."" @JohnLeguizamo at‚Ä¶ https://t.co/4ICwMhb6hv",Mon Jun 11 02:29:18 +0000 2018,0.422,0.123,0.877,0.0,80
180,CBS,Angels in America takes the win for Best Revival of a Play! #TonyAwards https://t.co/zodW61tw8a,Mon Jun 11 02:23:56 +0000 2018,0.893,0.517,0.483,0.0,81
181,CBS,"RT @leahableson: The Once On This Island Goat And Chicken made it to the broadcast, Mama WILL provide #TonyAwards",Mon Jun 11 02:21:03 +0000 2018,0.0,0.0,1.0,0.0,82
182,CBS,That performance was the GOAT. #TonyAwards https://t.co/mtoU92HipQ,Mon Jun 11 02:16:06 +0000 2018,0.0,0.0,1.0,0.0,83
183,CBS,Harry Potter and the Cursed Child wins Best Play at the #TonyAwards! @HPPlayNYC https://t.co/WIqJQmtAlN,Mon Jun 11 02:11:03 +0000 2018,0.891,0.491,0.509,0.0,84
184,CBS,üé∂ ‚ÄúLet's dance this last dance tonight.‚Äù üé∂ #TonyAwards #DonnaSummerMusical https://t.co/UAIaglChfv,Mon Jun 11 02:05:47 +0000 2018,0.0,0.0,1.0,0.0,85
185,CBS,Hope he brought enough birthday cake for everyone! #TonyAwards https://t.co/FlLbKV6oj8,Mon Jun 11 02:03:31 +0000 2018,0.493,0.262,0.738,0.0,86
186,CBS,@writerlindsayb You're welcome! #TonyAwards,Mon Jun 11 01:58:48 +0000 2018,0.509,0.523,0.477,0.0,87
187,CBS,RT @hjmayer8: I sure do love @DearEvanHansen üíô #TonyAwards,Mon Jun 11 01:53:17 +0000 2018,0.758,0.481,0.519,0.0,88
188,CBS,"RT @Valerie4815: What a birthday present, the Tony audience singing happy birthday to you!! #TonyAwards",Mon Jun 11 01:51:16 +0000 2018,0.647,0.248,0.752,0.0,89
189,CBS,If only this performance could go on forever. #TonyAwards @FrozenBroadway https://t.co/p2BMUvyTxr,Mon Jun 11 01:38:23 +0000 2018,0.0,0.0,1.0,0.0,90
190,CBS,RT @anna_villanueva: Magnificent performance from the cast of @FrozenBroadway! #TonyAwards2018 #TonyAwards #Tonys,Mon Jun 11 01:37:36 +0000 2018,0.636,0.276,0.724,0.0,91
191,CBS,Glenda Jackson wins Best Leading Actress in a Play. #TonyAwards @threetallwomen https://t.co/GRp1gcBuiW,Mon Jun 11 01:30:56 +0000 2018,0.883,0.563,0.437,0.0,92
192,CBS,.@SaraBareilles is totally a Gryffindor. #TonyAwards https://t.co/OPQ7esk2dn,Mon Jun 11 01:29:21 +0000 2018,0.0,0.0,1.0,0.0,93
193,CBS,RT @IzzyNY202: How impressive are these Marjory Stoneman Douglas students? That #TonyAwards performance reduced me to tears. Amazing.,Mon Jun 11 01:26:03 +0000 2018,0.735,0.296,0.625,0.079,94
194,CBS,RT @KatLargent: MAGIC #TonyAwards,Mon Jun 11 01:25:59 +0000 2018,0.0,0.0,1.0,0.0,95
195,CBS,Such a touching moment at the #TonyAwards. ‚ù§Ô∏è https://t.co/4kJWTHVPZ8,Mon Jun 11 01:24:46 +0000 2018,0.0,0.0,1.0,0.0,96
196,CBS,.@Matt_Morrison welcomes the Marjory Stoneman Douglas High School theatre department to the stage. #TonyAwards https://t.co/5dxa9smeka,Mon Jun 11 01:24:12 +0000 2018,0.402,0.162,0.838,0.0,97
197,CBS,So many feels at the #TonyAwards. Congratulations to @arielstachel for winning Best Featured Actor in a Musical!‚Ä¶ https://t.co/m1aRNIHPRK,Mon Jun 11 01:19:59 +0000 2018,0.915,0.457,0.543,0.0,98
198,CBS,RT @McBenefit: I love everything about you @UzoAduba. #TonyAwards,Mon Jun 11 01:12:31 +0000 2018,0.637,0.375,0.625,0.0,99
199,CBS,RT if that musical number by the cast of Carousel blew you away! #TonyAwards https://t.co/CMzMNtcAQO,Mon Jun 11 01:08:28 +0000 2018,0.151,0.102,0.898,0.0,100
200,CNN,RT @CNNPolitics: Vice President Mike Pence receives the possible remains of Americans killed in the Korean War https://t.co/uNyVkFv8V3 http‚Ä¶,Thu Aug 02 01:02:09 +0000 2018,-0.856,0.0,0.669,0.331,1
201,CNN,Vice President Mike Pence greeted 55 flag-draped cases of what are believed to be the remains of American service m‚Ä¶ https://t.co/zg2CaLlC2f,Thu Aug 02 01:01:55 +0000 2018,0.273,0.095,0.905,0.0,2
202,CNN,Donald Trump is averaging 7.6 mistruths a day | Analysis by @CillizzaCNN https://t.co/beM2XrzSd3,Thu Aug 02 01:01:05 +0000 2018,0.0,0.0,1.0,0.0,3
203,CNN,Huawei overtakes Apple to become the world‚Äôs second largest smartphone seller despite not having a presence in the‚Ä¶ https://t.co/zqr3Mu0qgT,Thu Aug 02 01:01:00 +0000 2018,0.0,0.0,1.0,0.0,4
204,CNN,"Hundreds of demonstrators gathered in Copenhagen, Denmark, wearing burqas and other face veils to protest a law aga‚Ä¶ https://t.co/XmE3eW2f48",Thu Aug 02 00:51:06 +0000 2018,-0.25,0.0,0.895,0.105,5
205,CNN,"RT @OutFrontCNN: ""Donald Trump is supposed to be defending our country, instead he's busy defending Vladimir Putin and attacking our own in‚Ä¶",Thu Aug 02 00:41:52 +0000 2018,-0.459,0.0,0.875,0.125,6
206,CNN,The heads of the Senate Intelligence Committee said they're in discussions about providing a transcript of Maria Bu‚Ä¶ https://t.co/obyEoaWQPZ,Thu Aug 02 00:41:07 +0000 2018,0.477,0.154,0.846,0.0,7
207,CNN,"RT @AC360: Democratic Sen. Richard Blumenthal: The White House is moving the goalpost for a potential interview with Mueller, because ‚Äúthe‚Ä¶",Thu Aug 02 00:40:42 +0000 2018,0.0,0.0,1.0,0.0,8
208,CNN,"The jacket Harrison Ford wore playing Han Solo in ""The Empire Strikes Back"" is expected to go for $1.3 million at a‚Ä¶ https://t.co/cVD5rSmLNR",Thu Aug 02 00:35:00 +0000 2018,-0.178,0.071,0.83,0.099,9
209,CNN,"To demonstrate Paul Manafort's elaborate spending habits, prosecutors released an image of a $15,000 coat made from‚Ä¶ https://t.co/rq8kt20ocL",Thu Aug 02 00:34:54 +0000 2018,0.0,0.0,1.0,0.0,10
210,CNN,Chefs Guy Fieri and Jos√© Andr√©s are doing everything they can to help feed the evacuees and first responders to Cal‚Ä¶ https://t.co/IGVEdRTKCA,Thu Aug 02 00:09:54 +0000 2018,0.402,0.114,0.886,0.0,11
211,CNN,"On a hillside in Vietnam, giant hands extend, holding a new steel bridge that has attracted scores of visitors sinc‚Ä¶ https://t.co/J5HX1RPXVu",Thu Aug 02 00:05:00 +0000 2018,0.542,0.209,0.791,0.0,12
212,CNN,"For the first time ever, Barbie is wearing a hijab. The new doll, which was announced in November 2017, is modeled‚Ä¶ https://t.co/Qf2jruv4n8",Thu Aug 02 00:02:40 +0000 2018,0.0,0.0,1.0,0.0,13
213,CNN,"Health alert issued for salads and wraps from Kroger, Trader Joe's and Walgreens due to concerns about possible par‚Ä¶ https://t.co/WIFmR2urHj",Wed Aug 01 23:58:41 +0000 2018,0.296,0.104,0.896,0.0,14
214,CNN,Watch $5.5 million worth of luxury cars get smashed as Philippines President Rodrigo Duterte cracks down on smuggli‚Ä¶ https://t.co/Ed4FPtMfTJ,Wed Aug 01 23:45:05 +0000 2018,0.226,0.095,0.905,0.0,15
215,CNN,"Kroger is launching ""Kroger Ship,"" a direct home delivery service, in four cities: Cincinnati, Houston, Louisville,‚Ä¶ https://t.co/CDDaqFkDY8",Wed Aug 01 23:43:35 +0000 2018,0.0,0.0,1.0,0.0,16
216,CNN,President Trump's attorney Rudy Giuliani says his team received a response from special counsel Robert Mueller on a‚Ä¶ https://t.co/fIO0HD5fiO,Wed Aug 01 23:19:10 +0000 2018,0.402,0.137,0.863,0.0,17
217,CNN,Among the attendees of President Trump's rally in Florida were people holding up signs promoting an online right-wi‚Ä¶ https://t.co/fSO4SkT6mK,Wed Aug 01 23:16:08 +0000 2018,0.361,0.122,0.878,0.0,18
218,CNN,RT @CNNSitRoom: Rep. Stewart on the Paul Manafort trial: ‚ÄúI think it‚Äôs quite unusual for a person who‚Äôs accused of white collar crime to be‚Ä¶,Wed Aug 01 23:14:53 +0000 2018,-0.691,0.0,0.794,0.206,19
219,CNN,"Han Solo's jacket -- the one worn by Harrison Ford in the Star Wars Film ""The Empire Strikes Back"" -- could fetch o‚Ä¶ https://t.co/A6q9XwDKrK",Wed Aug 01 23:13:15 +0000 2018,-0.807,0.0,0.717,0.283,20
220,CNN,"LAPD officers had gone 13 years without killing a hostage or bystander while confronting armed suspects.

In the la‚Ä¶ https://t.co/KORV8SMSGC",Wed Aug 01 22:51:04 +0000 2018,0.132,0.15,0.68,0.17,21
221,CNN,White House press secretary Sarah Sanders falsely blamed journalists for thwarting US spying on Osama bin Laden jus‚Ä¶ https://t.co/P1neYHn73u,Wed Aug 01 22:41:08 +0000 2018,-0.586,0.0,0.78,0.22,22
222,CNN,RT @CNNSitRoom: CNN Exclusive: The TSA is considering eliminating passenger screening at smaller airports https://t.co/KzmLbrT88e https://t‚Ä¶,Wed Aug 01 22:29:15 +0000 2018,0.128,0.091,0.909,0.0,23
223,CNN,A woman says a supermarket called police on her while she was helping a homeless man https://t.co/WyYIq7CEoO https://t.co/GaGWrL9y0M,Wed Aug 01 22:28:51 +0000 2018,0.296,0.136,0.864,0.0,24
224,CNN,"RT @AC360: ""They're using kids as a weapon ... all they wanted to do was get back to their mom"" - Senator @amyklobuchar on family separatio‚Ä¶",Wed Aug 01 22:28:15 +0000 2018,-0.296,0.0,0.913,0.087,25
225,CNN,"LIVE NOW: Anderson Cooper Full Circle, a daily interactive news show airing on Facebook Watch‚Ä¶ https://t.co/FXNs6LReU2",Wed Aug 01 22:27:43 +0000 2018,0.0,0.0,1.0,0.0,26
226,CNN,"A Nazi flag was spotted flying in a public park in Laramie, Wyoming https://t.co/TsKy8ARPAj https://t.co/tXkQ4xY8oU",Wed Aug 01 22:21:07 +0000 2018,0.0,0.0,1.0,0.0,27
227,CNN,"House Speaker Paul Ryan finds out that he's part Jewish on PBS' show ""Finding Your Roots"" https://t.co/NuZZ2wTWmD https://t.co/pqTSeDxZnP",Wed Aug 01 22:11:06 +0000 2018,0.0,0.0,1.0,0.0,28
228,CNN,New cluster of Ebola virus cases detected in the Democratic Republic of Congo a week after the government declared‚Ä¶ https://t.co/jtp0cFNFCK,Wed Aug 01 22:06:19 +0000 2018,0.0,0.0,1.0,0.0,29
229,CNN,Republican senators say President Trump can't ask Attorney General Jeff Sessions to end the Mueller probe‚Ä¶ https://t.co/7oVVoEGaDO,Wed Aug 01 22:01:12 +0000 2018,0.0,0.0,1.0,0.0,30
230,CNN,The acting chief of the EPA Andrew Wheeler starts a new relationship between Capitol Hill and his agency‚Ä¶ https://t.co/XOBBqQuv4Z,Wed Aug 01 21:51:09 +0000 2018,0.0,0.0,1.0,0.0,31
231,CNN,RT @CNNSitRoom: President Trump tweets that Sessions should stop the Mueller investigation ‚Äúright now‚Äù. Is that an obstruction of justice?‚Ä¶,Wed Aug 01 21:43:17 +0000 2018,-0.296,0.0,0.896,0.104,32
232,CNN,Two women were found unresponsive in a car along with the likely culprit -- four coolers of dry ice -- Friday morni‚Ä¶ https://t.co/UssOcJzUdN,Wed Aug 01 21:41:04 +0000 2018,0.0,0.0,1.0,0.0,33
233,CNN,Justice Ginsburg: The 'liberal lion' we need right now | By Brenda Feigen via @CNNOpinion https://t.co/cIdbCOCCOs https://t.co/roLLpkshfS,Wed Aug 01 21:29:45 +0000 2018,0.527,0.185,0.815,0.0,34
234,CNN,A man whose mother died during surgery 20 years ago is the suspect in the fatal shooting of a prominent Houston car‚Ä¶ https://t.co/TZ34zMXDn5,Wed Aug 01 21:23:37 +0000 2018,-0.791,0.08,0.594,0.325,35
235,CNN,"Thousands of supporters gathered in Kinshasa, capital of the Democratic Republic of Congo, to welcome former warlor‚Ä¶ https://t.co/gIYCgkk09b",Wed Aug 01 21:10:09 +0000 2018,0.71,0.269,0.731,0.0,36
236,CNN,"Livestreaming is a multibillion dollar industry in China, where the top streamers can make over $100,000 a month. W‚Ä¶ https://t.co/k58cmDAUvf",Wed Aug 01 21:08:09 +0000 2018,0.202,0.096,0.904,0.0,37
237,CNN,Tesla just reported that it lost more than $717 million in the second quarter -- the biggest quarterly loss in its‚Ä¶ https://t.co/I4XEUcnXBx,Wed Aug 01 21:04:31 +0000 2018,-0.557,0.0,0.813,0.187,38
238,CNN,Caesar's stock plunged as much as 24% on worries about Vegas hotel bookings https://t.co/sGBVAKD7lx https://t.co/e8Q47gbz7b,Wed Aug 01 21:00:08 +0000 2018,-0.422,0.0,0.833,0.167,39
239,CNN,The Trump administration is considering increasing to 25% the rate of proposed tariffs on an additional $200 billio‚Ä¶ https://t.co/UapHHFFpeg,Wed Aug 01 20:48:38 +0000 2018,0.0,0.0,1.0,0.0,40
240,CNN,RT @TheLeadCNN: President Trump is escalating his attacks on the Russia investigation; going even further in his calls to shut down a law e‚Ä¶,Wed Aug 01 20:44:35 +0000 2018,-0.44,0.0,0.884,0.116,41
241,CNN,"Champion is phasing out an exclusive line at Target, and Wall Street isn't pleased https://t.co/AawlZvaNd6 https://t.co/2pasvZwbTM",Wed Aug 01 20:40:09 +0000 2018,0.458,0.26,0.625,0.116,42
242,CNN,"""We believe that the investigation should be brought to a close. ‚Ä¶ Put up or shut up, what do you got?"" President T‚Ä¶ https://t.co/5RZyJEqGZv",Wed Aug 01 20:25:00 +0000 2018,0.0,0.0,1.0,0.0,43
243,CNN,"Her face has appeared in McDonald's ads in China, India and South Korea, on a French dating website and in a promot‚Ä¶ https://t.co/sgVDEwOhvx",Wed Aug 01 20:20:08 +0000 2018,0.0,0.0,1.0,0.0,44
244,CNN,"RT @CNNMoney: The Dow fell 79 points and the S&amp;P 500 fell 0.1%. The Nasdaq was up nearly 0.5%, boosted by Apple‚Äôs 5% gain. Apple ended the‚Ä¶",Wed Aug 01 20:15:51 +0000 2018,0.71,0.191,0.809,0.0,45
245,CNN,"A top consultant and spokesman for Corey Stewart, the Republican nominee for US Senate in Virginia, has used the te‚Ä¶ https://t.co/l5lVA3Mgg3",Wed Aug 01 20:15:07 +0000 2018,0.202,0.087,0.913,0.0,46
246,CNN,"RT @CNNPolitics: ‚ÄúHe did not collude. There is no evidence he colluded. But in the alternative, collusion is not a crime,‚Äù Giuliani said, r‚Ä¶",Wed Aug 01 20:10:37 +0000 2018,-0.153,0.0,0.932,0.068,47
247,CNN,Three alleged members of an international hacking group have been arrested for cybercrimes targeting over 100 retai‚Ä¶ https://t.co/PbpjUipm0i,Wed Aug 01 20:10:08 +0000 2018,-0.477,0.0,0.846,0.154,48
248,CNN,CNN Exclusive: The TSA is considering eliminating passenger screening at smaller airports https://t.co/KqHGNhPSwR https://t.co/ProGj2ZhJz,Wed Aug 01 20:05:11 +0000 2018,0.128,0.103,0.897,0.0,49
249,CNN,"RT @CNNnewsroom: ""Politically, it's an attempt to ... draw a line between what (Trump) says on Twitter and official orders that he gives,""‚Ä¶",Wed Aug 01 20:01:24 +0000 2018,0.0,0.0,1.0,0.0,50
250,CNN,"President Trump downplayed the allegations facing his former campaign chairman, Paul Manafort, by invoking notoriou‚Ä¶ https://t.co/KaPr7kuMVv",Wed Aug 01 20:00:25 +0000 2018,0.0,0.0,1.0,0.0,51
251,CNN,RT @AC360: Tonight on #fullcircle a survivor of Mexico's plane crash joins @AndersonCooper to talk about the terrifying experience and how‚Ä¶,Wed Aug 01 19:55:11 +0000 2018,-0.599,0.097,0.656,0.247,52
252,CNN,"""We believe that the investigation should be brought to a close. ‚Ä¶ Put up or shut up, what do you got?"" President T‚Ä¶ https://t.co/BEsYDyJGNF",Wed Aug 01 19:54:04 +0000 2018,0.0,0.0,1.0,0.0,53
253,CNN,A Florida sheriff defended his decision not to arrest a man who fatally shot another man during a heated argument n‚Ä¶ https://t.co/GkXTZrm6n4,Wed Aug 01 19:50:04 +0000 2018,-0.687,0.082,0.647,0.271,54
254,CNN,Organizers of the 2018 African Senior Athletics Championships being held in Nigeria have come under fire over poor‚Ä¶ https://t.co/LZ8FPHQXqa,Wed Aug 01 19:40:04 +0000 2018,0.202,0.142,0.752,0.106,55
255,CNN,"RT @CNNnewsroom: ""I have every doubt those remains are of US military,"" says Mike Logan, the son of a Korean war vet who never returned hom‚Ä¶",Wed Aug 01 19:30:56 +0000 2018,-0.751,0.0,0.782,0.218,56
256,CNN,Women in various parts of South Africa have taken to the streets to protest the increasing levels of gender-based v‚Ä¶ https://t.co/qA1ASat313,Wed Aug 01 19:30:11 +0000 2018,-0.25,0.0,0.909,0.091,57
257,CNN,"They were among the most ardent supporters of Brexit, but now some residents of this town are relishing a European‚Ä¶ https://t.co/vHkaUpMhXX",Wed Aug 01 19:20:05 +0000 2018,0.771,0.311,0.689,0.0,58
258,CNN,"16 of the largest wildfires burning in California have scorched 320,000 acres, authorities say -- an area larger th‚Ä¶ https://t.co/afweka9SN3",Wed Aug 01 19:10:07 +0000 2018,0.0,0.0,1.0,0.0,59
259,CNN,A new poll shows a tight race in the final days of a special election in Ohio https://t.co/V8JqZVieAl https://t.co/y7kjNhl9FA,Wed Aug 01 19:00:07 +0000 2018,0.402,0.153,0.847,0.0,60
260,CNN,"Iran is readying a massive military exercise in Persian Gulf, US officials say https://t.co/909tp1Z6V8 https://t.co/wiBLCqcqJ0",Wed Aug 01 18:50:07 +0000 2018,0.0,0.0,1.0,0.0,61
261,CNN,"Former President Obama just endorsed 81 candidates running in the midterm elections, and his office says he's expec‚Ä¶ https://t.co/E3Fl4zpawl",Wed Aug 01 18:40:03 +0000 2018,0.25,0.1,0.9,0.0,62
262,CNN,Wells Fargo has agreed to pay a $2.09 billion fine for issuing mortgage loans it knew contained incorrect income in‚Ä¶ https://t.co/jNOHPXdnWi,Wed Aug 01 18:35:28 +0000 2018,0.542,0.253,0.687,0.06,63
263,CNN,"The Federal Reserve is holding interest rates steady, for now https://t.co/rOMrxB4z33 https://t.co/A1D7wNOtwY",Wed Aug 01 18:30:19 +0000 2018,0.459,0.214,0.786,0.0,64
264,CNN,Chefs Guy Fieri and Jos√© Andr√©s are doing everything they can to help feed the evacuees and first responders to Cal‚Ä¶ https://t.co/ANG3T8jVjJ,Wed Aug 01 18:20:12 +0000 2018,0.402,0.114,0.886,0.0,65
265,CNN,A multi-state salmonella outbreak linked to pasta salad sold by Midwestern grocery store chain Hy-Vee has sickened‚Ä¶ https://t.co/8MhfypGaIM,Wed Aug 01 18:10:06 +0000 2018,0.0,0.0,1.0,0.0,66
266,CNN,The US Treasury Department is sanctioning Turkey's ministers of justice and interior in response to the detention o‚Ä¶ https://t.co/8tN2FaYO2k,Wed Aug 01 18:04:17 +0000 2018,0.402,0.219,0.675,0.105,67
267,CNN,"On a hillside in Vietnam, giant hands extend, holding a new steel bridge that has attracted scores of visitors sinc‚Ä¶ https://t.co/yGMEBIh3ti",Wed Aug 01 18:00:01 +0000 2018,0.542,0.209,0.791,0.0,68
268,CNN,A 10-year-old named Clark Kent just beat a record that Michael Phelps held for 23 years https://t.co/h8fec2cSss https://t.co/VDKXxfO9ns,Wed Aug 01 17:50:00 +0000 2018,0.0,0.0,1.0,0.0,69
269,CNN,"‚ÄúIt‚Äôs not an order, it‚Äôs the President‚Äôs opinion,‚Äù White House press secretary Sarah Sanders says about President T‚Ä¶ https://t.co/TFeqQon1BW",Wed Aug 01 17:44:56 +0000 2018,0.0,0.0,1.0,0.0,70
270,CNN,Texans can now hitch a ride in this self-driving car as part of a pilot ride-sharing program https://t.co/21LiCE1bKP https://t.co/OT8xjOvzdc,Wed Aug 01 17:40:00 +0000 2018,0.0,0.0,1.0,0.0,71
271,CNN,"White House press secretary Sarah Sanders is holding a press briefing.

Watch on CNN: https://t.co/UYpqI3w42L¬†
Live‚Ä¶ https://t.co/JPAmXGacvz",Wed Aug 01 17:34:02 +0000 2018,0.0,0.0,1.0,0.0,72
272,CNN,5 questions that could come up at today's White House press briefing: https://t.co/F7dPYgAi4u https://t.co/Xij2T3iJbI,Wed Aug 01 17:32:55 +0000 2018,0.0,0.0,1.0,0.0,73
273,CNN,"A plane carrying 103 people crashed, then burned in Mexico and no one died https://t.co/zxwDOalDSg https://t.co/mWAVDZxNo8",Wed Aug 01 17:30:08 +0000 2018,-0.7,0.0,0.691,0.309,74
274,CNN,"He lost his home in the California wildfires. But in the ashes, there was a priceless family heirloom.‚Ä¶ https://t.co/FZA8bznAi9",Wed Aug 01 17:20:44 +0000 2018,-0.166,0.0,0.912,0.088,75
275,CNN,A white police officer in Michigan who says he was taunted by fellow officers when he told them that he was part bl‚Ä¶ https://t.co/nSQdPfU7sH,Wed Aug 01 17:10:06 +0000 2018,0.0,0.0,1.0,0.0,76
276,CNN,"Tesla has successfully positioned itself as the future of automobiles. But in the present, Tesla doesn't make many‚Ä¶ https://t.co/wENwlfhKgN",Wed Aug 01 17:05:01 +0000 2018,0.273,0.104,0.896,0.0,77
277,CNN,Facebook and Instagram now reveal how much time you spend in each app https://t.co/GLWAJsGHjU https://t.co/RGrNJ5eX4d,Wed Aug 01 17:00:18 +0000 2018,0.0,0.0,1.0,0.0,78
278,CNN,Women in various parts of South Africa have taken to the streets to protest the increasing levels of gender-based v‚Ä¶ https://t.co/e2yXqzHDKn,Wed Aug 01 16:50:01 +0000 2018,-0.25,0.0,0.909,0.091,79
279,CNN,‚ÄúI lead a very moderate life. I don‚Äôt do anything in excess. I don‚Äôt eat food until I get fat and that kind of thin‚Ä¶ https://t.co/IF1c4dExrt,Wed Aug 01 16:44:03 +0000 2018,0.0,0.0,1.0,0.0,80
280,CNN,"The GDP report was great. Now what? Tune in to @CNNMoney's ""Markets Now"" at 12:45 p.m. ET to hear economist Lindsey‚Ä¶ https://t.co/VwoJPKFumj",Wed Aug 01 16:42:05 +0000 2018,0.625,0.163,0.837,0.0,81
281,CNN,Trump just went there on Jeff Sessions and the Russia investigation | Analysis by @CillizzaCNN‚Ä¶ https://t.co/qWwNQiVKWl,Wed Aug 01 16:30:06 +0000 2018,0.0,0.0,1.0,0.0,82
282,CNN,"Kroger is launching ""Kroger Ship,"" a direct home delivery service, in four cities: Cincinnati, Houston, Louisville,‚Ä¶ https://t.co/8sMmgVTBcO",Wed Aug 01 16:20:12 +0000 2018,0.0,0.0,1.0,0.0,83
283,CNN,"A child's brain repaired itself after a full third of the right hemisphere was surgically removed, rewiring itself‚Ä¶ https://t.co/l4Jvv0AuLs",Wed Aug 01 16:10:07 +0000 2018,0.0,0.0,1.0,0.0,84
284,CNN,The Trump Tower meeting: A timeline https://t.co/gKsDVfaBUH https://t.co/VoiAoV1xKY,Wed Aug 01 16:00:09 +0000 2018,0.0,0.0,1.0,0.0,85
285,CNN,"With $1,000 in cash and a handwritten apology, a former waitress is trying to make things right after stealing mone‚Ä¶ https://t.co/OezH20h6Vn",Wed Aug 01 15:50:05 +0000 2018,-0.542,0.055,0.776,0.169,86
286,CNN,"President Trump used an odd example Tuesday night to call for stronger voter ID laws, saying that identification is‚Ä¶ https://t.co/E5cRRECoGh",Wed Aug 01 15:40:08 +0000 2018,0.077,0.114,0.786,0.1,87
287,CNN,"An average of 200 Nicaraguans a day are applying for asylum in neighboring Costa Rica, overwhelming the nation's im‚Ä¶ https://t.co/gIpvSm2Dig",Wed Aug 01 15:30:08 +0000 2018,0.0,0.0,1.0,0.0,88
288,CNN,A man cheated with someone else's wife and now it'll cost him $8.8 million https://t.co/8Vdw43XwMM https://t.co/vTSQ2xRfBJ,Wed Aug 01 15:22:02 +0000 2018,-0.511,0.0,0.809,0.191,89
289,CNN,A bipartisan group of senators is demanding twice-monthly updates on family reunification from the Trump administra‚Ä¶ https://t.co/lK0Nok54Vm,Wed Aug 01 15:10:05 +0000 2018,-0.226,0.0,0.888,0.112,90
290,CNN,This app works like Tinder -- for female friendships https://t.co/pURh149lOF https://t.co/ILPAEBlsuV,Wed Aug 01 15:00:12 +0000 2018,0.625,0.362,0.638,0.0,91
291,CNN,"A top Australian supermarket is dropping plans to charge for plastic bags, saying shoppers have struggled to adjust‚Ä¶ https://t.co/guI78f6NNh",Wed Aug 01 14:50:16 +0000 2018,-0.153,0.089,0.792,0.119,92
292,CNN,"Apple is this close to $1,000,000,000,000 https://t.co/egELuDwvDr https://t.co/Ogsk6BcZeY",Wed Aug 01 14:42:03 +0000 2018,0.0,0.0,1.0,0.0,93
293,CNN,"When he noticed a teen with autism was interested in what he was doing, this grocery store worker let him help stoc‚Ä¶ https://t.co/cZkwiozAnZ",Wed Aug 01 14:35:00 +0000 2018,0.66,0.213,0.787,0.0,94
294,CNN,President Trump calls on Attorney General Jeff Sessions to end special counsel Robert Mueller's investigation of Ru‚Ä¶ https://t.co/vgNUlIyhCB,Wed Aug 01 14:24:30 +0000 2018,0.402,0.137,0.863,0.0,95
295,CNN,"Cody Wilson fired the first fully 3D printed gun in 2013. Not long after, he posted the blueprint for the weapon to‚Ä¶ https://t.co/ETorfONhIu",Wed Aug 01 14:15:18 +0000 2018,-0.816,0.0,0.703,0.297,96
296,CNN,"On a hillside in Vietnam, giant hands extend, holding a new steel bridge that has attracted scores of visitors sinc‚Ä¶ https://t.co/SUBwF7KOVa",Wed Aug 01 14:02:00 +0000 2018,0.542,0.209,0.791,0.0,97
297,CNN,"President Trump says his attorney general, Jeff Sessions, should end special counsel Robert Mueller's investigation‚Ä¶ https://t.co/HwIatDbt0j",Wed Aug 01 13:50:40 +0000 2018,0.402,0.153,0.847,0.0,98
298,CNN,"The Trump administration is making it easier to obtain coverage through short-term health insurance plans, which do‚Ä¶ https://t.co/FKaObm5dWm",Wed Aug 01 13:40:06 +0000 2018,0.422,0.141,0.859,0.0,99
299,CNN,One of Australia's largest hotel chains has been fined $2.2 million for trying to prevent negative TripAdvisor revi‚Ä¶ https://t.co/3wptwghRST,Wed Aug 01 13:33:01 +0000 2018,-0.557,0.05,0.78,0.17,100
300,Fox News,"Mollie Tibbets' disappearance a 'total shock,' Iowa residents say. https://t.co/3n1qkAL1UY",Thu Aug 02 01:18:33 +0000 2018,0.0,0.0,1.0,0.0,1
301,Fox News,".@dbongino on Manafort trial: ""Paul Manafort is guilty of something, he's guilty of helping @realDonaldTrump win an‚Ä¶ https://t.co/LApgHTWcOa",Thu Aug 02 01:07:59 +0000 2018,0.103,0.234,0.547,0.219,2
302,Fox News,"""Today, we prove these heroes were never forgotten.""

@VP Pence‚Äã spoke at a ceremony Wednesday as remains, believed‚Ä¶ https://t.co/jRe3zuNykV",Thu Aug 02 01:06:27 +0000 2018,0.511,0.163,0.837,0.0,3
303,Fox News,'That's the Point of Government': WA 'Democratic Socialist' US House Candidate Defends Platform https://t.co/IsoA9guuPP,Thu Aug 02 00:50:01 +0000 2018,0.0,0.0,1.0,0.0,4
304,Fox News,RT @FoxBusiness: .@cvpayne provides an after hours stock update as markets were mixed on Fed and trade concerns. https://t.co/wswT3qqtW3 ht‚Ä¶,Thu Aug 02 00:46:58 +0000 2018,0.0,0.0,1.0,0.0,5
305,Fox News,"Florida woman arrested after leaving 6 kids ‚Äòinfested with lice‚Äô at home, police say https://t.co/5yCpSlCq9B",Thu Aug 02 00:35:33 +0000 2018,-0.477,0.0,0.807,0.193,6
306,Fox News,California Safeway calls cops on woman donating food to homeless man https://t.co/obcclpUxoq,Thu Aug 02 00:28:15 +0000 2018,0.0,0.0,1.0,0.0,7
307,Fox News,New 'Terminator' image features Linda Hamilton in iconic role https://t.co/cEZQizOsJj,Thu Aug 02 00:19:56 +0000 2018,0.0,0.0,1.0,0.0,8
308,Fox News,.@VP hails 'tangible progress' with North Korea as remains of presumed Korean War dead arrive in Hawaii https://t.co/c8VIpgXZBe,Thu Aug 02 00:13:23 +0000 2018,-0.751,0.108,0.577,0.315,9
309,Fox News,Arkansas man says he planned attack on cop who was accompanied by family. https://t.co/ODuxehBCeO,Wed Aug 01 23:59:00 +0000 2018,-0.477,0.0,0.807,0.193,10
310,Fox News,.@VP Pence's guests at the ceremony receiving the remains of Korean War servicemen lost their fathers in the war. https://t.co/eddRpz1toR,Wed Aug 01 23:53:35 +0000 2018,-0.878,0.0,0.627,0.373,11
311,Fox News,Mueller prosecutors rebuked repeatedly by trial judge with a history of colorful rulings. https://t.co/1uoPzQVQBz,Wed Aug 01 23:46:49 +0000 2018,0.0,0.0,1.0,0.0,12
312,Fox News,Flag-draped transfer cases are escorted off the plane during the honorable carry ceremony at @JointBasePHH. The tra‚Ä¶ https://t.co/jmrqmobs4B,Wed Aug 01 23:38:24 +0000 2018,0.542,0.171,0.829,0.0,13
313,Fox News,".@VP Pence: ""We will never stop striving until every hero lost in the Korean War is home."" https://t.co/Suudj3gA07",Wed Aug 01 23:38:19 +0000 2018,-0.181,0.214,0.545,0.241,14
314,Fox News,".@VP Pence: ""Our work will not be complete until all our fallen heroes are accounted for and home."" https://t.co/UvCasaKfDy",Wed Aug 01 23:29:22 +0000 2018,0.202,0.145,0.746,0.11,15
315,Fox News,".@VP Pence: ""Some have called the Korean War 'The Forgotten War,' but today we prove these heroes were never forgot‚Ä¶ https://t.co/EiAbdUPEpP",Wed Aug 01 23:26:50 +0000 2018,0.372,0.169,0.683,0.148,16
316,Fox News,"Democratic Socialist U.S. House candidate Sarah Smith: ""Single-payer systems save money."" #TheStory https://t.co/Zc1wZNOpF6",Wed Aug 01 23:25:57 +0000 2018,0.494,0.211,0.789,0.0,17
317,Fox News,.@VP makes remarks as @dodpaa hosts an honorable carry ceremony at @JointBasePHH. The flag-draped transfer cases be‚Ä¶ https://t.co/D84WrPAV2C,Wed Aug 01 23:20:15 +0000 2018,0.542,0.171,0.829,0.0,18
318,Fox News,Twitter CEO says he gets why conservatives are suspicious of Big Tech. https://t.co/x8yk4Ah7fB,Wed Aug 01 23:13:00 +0000 2018,-0.361,0.0,0.828,0.172,19
319,Fox News,The @dodpaa hosts an honorable carry ceremony at @JointBasePHH. The flag-draped transfer cases being carried in the‚Ä¶ https://t.co/okdgKVIhRW,Wed Aug 01 23:11:21 +0000 2018,0.542,0.171,0.829,0.0,20
320,Fox News,"Mueller's office flags alleged illegal foreign lobbying involving Tony Podesta, Vin Weber, Greg Craig https://t.co/QTsYCSRjWg",Wed Aug 01 23:08:04 +0000 2018,-0.599,0.0,0.726,0.274,21
321,Fox News,".@jonathanvswan on trade tensions with China: ""[@POTUS is] making a big gamble. His gamble is that he can break Pre‚Ä¶ https://t.co/lAu6FXvmx9",Wed Aug 01 22:57:37 +0000 2018,-0.402,0.0,0.876,0.124,22
322,Fox News,".@jonathanvswan on firing Mueller: ""There's nothing stopping [@POTUS] from doing it except the fact that he knows f‚Ä¶ https://t.co/Na7oIFx0Ml",Wed Aug 01 22:48:12 +0000 2018,-0.24,0.069,0.816,0.115,23
323,Fox News,Ohio State coach Urban Meyer put on leave amid abuse probe of fired assistant https://t.co/15uwFy4l62,Wed Aug 01 22:39:18 +0000 2018,-0.84,0.0,0.571,0.429,24
324,Fox News,"Pet pig scares off would-be robbers at Indiana home, police say https://t.co/MlcUjnL3Vy",Wed Aug 01 22:35:41 +0000 2018,-0.34,0.0,0.821,0.179,25
325,Fox News,".@GillianHTurner: ""The Trump administration green-lighted a plan [Wednesday] that allows health insurers to offer c‚Ä¶ https://t.co/WHDEjXrCER",Wed Aug 01 22:33:30 +0000 2018,0.0,0.0,1.0,0.0,26
326,Fox News,"Dan Springer: ""Among the 55 containers of remains there is just one dog tag and that concerns some people. But we'r‚Ä¶ https://t.co/lp94dBM3fB",Wed Aug 01 22:28:05 +0000 2018,0.0,0.0,1.0,0.0,27
327,Fox News,The Iranian economy is faltering under U.S. pressure; @RichEdsonDC reports. #SpecialReport https://t.co/uA7FHq4VRN https://t.co/4zKFZYGEhB,Wed Aug 01 22:25:07 +0000 2018,-0.296,0.0,0.845,0.155,28
328,Fox News,Mueller responds to Trump attorneys' request for parameters of potential interview; @johnrobertsFox reports.‚Ä¶ https://t.co/dRjSUyHNjV,Wed Aug 01 22:14:20 +0000 2018,0.0,0.0,1.0,0.0,29
329,Fox News,Twitter CEO gets why conservatives are suspicious of Big Tech https://t.co/5I4dIldr6R,Wed Aug 01 22:12:18 +0000 2018,-0.361,0.0,0.8,0.2,30
330,Fox News,"INCREDIBLE: This pizza delivery guy stunned a family when he asked to play their piano. Little did they know, 18-ye‚Ä¶ https://t.co/E7eiCfqVAn",Wed Aug 01 21:56:54 +0000 2018,0.25,0.11,0.826,0.064,31
331,Fox News,"Massachusetts woman enraged by Trump bumper sticker intentionally rammed into car, police say. https://t.co/DPZYLxWLgq",Wed Aug 01 21:51:04 +0000 2018,-0.402,0.0,0.828,0.172,32
332,Fox News,.@SenGillibrand fires back at George Soros over her calls for Franken to resign. https://t.co/3HlNb9v472,Wed Aug 01 21:42:00 +0000 2018,-0.34,0.0,0.844,0.156,33
333,Fox News,Philippine government crushes dozens of luxury cars worth millions. https://t.co/oOgA6zD8H1,Wed Aug 01 21:36:00 +0000 2018,-0.25,0.148,0.625,0.227,34
334,Fox News,"Mollie Tibbetts' boyfriend, brothers, father urge witnesses to 'come forward' in exclusive interviews. https://t.co/GfsOO3kvkA",Wed Aug 01 21:28:46 +0000 2018,0.128,0.103,0.897,0.0,35
335,Fox News,".@JesseBWatters: ""Right now, Maxine Waters is the face of the Democratic Party, and that's frightening."" #TheFive https://t.co/pb51PxQwbU",Wed Aug 01 21:20:40 +0000 2018,0.402,0.144,0.856,0.0,36
336,Fox News,Arizona town is building tiny homes for teachers who can't afford to live closer. https://t.co/vrFOn1xc4L,Wed Aug 01 21:16:00 +0000 2018,0.0,0.0,1.0,0.0,37
337,Fox News,"Great white shark attacks seal off Massachusetts coast as surfers scramble to shore, video shows. https://t.co/fmauRxH2Qg",Wed Aug 01 21:10:56 +0000 2018,0.296,0.195,0.667,0.138,38
338,Fox News,JUST IN: Mueller responds to Trump attorneys' request for parameters of potential interview. https://t.co/UZoXz1kswk,Wed Aug 01 21:04:09 +0000 2018,0.0,0.0,1.0,0.0,39
339,Fox News,Utah man claims McDonald's employee drugged his drink https://t.co/QQkYXNVuBH,Wed Aug 01 21:01:35 +0000 2018,0.0,0.0,1.0,0.0,40
340,Fox News,Trouble for Ted?: New TX Poll Shows Cruz Challenger Only 2 Points Down https://t.co/hA7W9gPiYC,Wed Aug 01 20:55:52 +0000 2018,0.258,0.271,0.574,0.155,41
341,Fox News,Connecticut woman searches for stolen necklace that contains infant son's ashes: 'I feel incomplete' https://t.co/yBaF6XRTRn,Wed Aug 01 20:47:50 +0000 2018,-0.494,0.0,0.814,0.186,42
342,Fox News,"National ICE Council President Chris Crane: ""We are not going to let people like this scare us out of doing our job‚Ä¶ https://t.co/q9Bq2XNaBx",Wed Aug 01 20:43:19 +0000 2018,-0.307,0.092,0.771,0.138,43
343,Fox News,"On @AmericaNewsroom, @cvpayne celebrated positive economic news. https://t.co/Nn6FRWsrz5 https://t.co/cBSNPnsbtD",Wed Aug 01 20:33:49 +0000 2018,0.807,0.51,0.49,0.0,44
344,Fox News,"Iran planning Gulf 'swarm' drill involving 100 gun boats within days, US officials say. https://t.co/WOjhl3ckMN",Wed Aug 01 20:24:57 +0000 2018,-0.34,0.0,0.854,0.146,45
345,Fox News,RT @ShepNewsTeam: Shep is live on Facebook Watch: https://t.co/IWgmOPBXqm,Wed Aug 01 20:04:54 +0000 2018,0.0,0.0,1.0,0.0,46
346,Fox News,'Calexit' supporters now want to give away nearly half of California to create an independent Native American natio‚Ä¶ https://t.co/6IY6QiTuBb,Wed Aug 01 20:04:42 +0000 2018,0.649,0.283,0.717,0.0,47
347,Fox News,.@ShepNewsTeam is live with the 'Fox News Update' on Facebook Watch: https://t.co/584lSOl7Bz https://t.co/XzvTDwbCn0,Wed Aug 01 20:03:10 +0000 2018,0.0,0.0,1.0,0.0,48
348,Fox News,"Former waitress in Arizona returns $1,000 she stole from restaurant in 1990s https://t.co/sVa2wiyYxi",Wed Aug 01 20:03:00 +0000 2018,0.0,0.0,1.0,0.0,49
349,Fox News,All 99 passengers and four crew members made it out alive from a plane crash in Mexico. @ShepNewsTeam‚Ä¶ https://t.co/2E85kv7pxP,Wed Aug 01 19:53:36 +0000 2018,-0.026,0.122,0.751,0.127,50
350,Fox News,".@POTUS' 'sanctuary cities' executive order is unconstitutional, US appeals court rules. https://t.co/lGoKljwHzg",Wed Aug 01 19:46:28 +0000 2018,0.0,0.0,1.0,0.0,51
351,Fox News,RT @ShepNewsTeam: We will be live for today‚Äôs @FoxNews Afternoon Update on Facebook Watch with the latest on missing college student Mollie‚Ä¶,Wed Aug 01 19:46:15 +0000 2018,-0.296,0.0,0.905,0.095,52
352,Fox News,Ohio judge orders chatty defendant's mouth taped for sentencing https://t.co/pPQ28UeeBl,Wed Aug 01 19:45:35 +0000 2018,-0.153,0.0,0.849,0.151,53
353,Fox News,"Former President @BarackObama endorses dozens of Dems, but snubs @Ocasio2018. (via @brookefoxnews) https://t.co/jvMelfeKcL",Wed Aug 01 19:35:15 +0000 2018,-0.535,0.101,0.653,0.246,54
354,Fox News,A U.S. soldier salutes during a repatriation ceremony for the remains of U.S. soldiers killed in the Korean War and‚Ä¶ https://t.co/j5g6buF2Im,Wed Aug 01 19:27:36 +0000 2018,-0.856,0.0,0.669,0.331,55
355,Fox News,".@GOPChairwoman: ""People want President Trump's endorsement more than they want President Obama's."" #OutnumberedOT https://t.co/25iq3qFQHI",Wed Aug 01 19:23:31 +0000 2018,0.44,0.308,0.692,0.0,56
356,Fox News,JUST IN: Suspect identified in murder of George H.W. Bush's former doctor. https://t.co/Kw6T2RMplv,Wed Aug 01 19:16:21 +0000 2018,-0.784,0.0,0.615,0.385,57
357,Fox News,"RT @FoxNewsResearch: #Trump Admin Unraveling #Obamacare:
‚Ä¢June:
‚ÄîDOJ no longer defending ACA in court
‚ÄîRule allows small biz, self-employed‚Ä¶",Wed Aug 01 19:11:40 +0000 2018,-0.296,0.0,0.891,0.109,58
358,Fox News,Minnesota speeders' bizarre excuses include a 99 mph Taco Bell run https://t.co/mnOkwStcoc,Wed Aug 01 19:05:42 +0000 2018,-0.318,0.0,0.813,0.187,59
359,Fox News,".@AriFleischer on the economy: ""Inflation, unless it's rampant, doesn't hurt you as much as if your wages are not g‚Ä¶ https://t.co/RItY1SsoAG",Wed Aug 01 18:46:31 +0000 2018,0.417,0.122,0.878,0.0,60
360,Fox News,President @realDonaldTrump is set to propose a 25-percent tariff on $200 billion of imported Chinese goods;‚Ä¶ https://t.co/YzcySKD4gd,Wed Aug 01 18:39:50 +0000 2018,0.0,0.0,1.0,0.0,61
361,Fox News,State pension deficits - as of fiscal year 2016. https://t.co/l0B5tsW2Xx,Wed Aug 01 18:37:53 +0000 2018,0.0,0.0,1.0,0.0,62
362,Fox News,"""I just got tired of how broken Washington is. You know, my view from 18,000 feet over Syria, Iraq and Afghanistan‚Ä¶ https://t.co/b0ZEFqMYRH",Wed Aug 01 18:36:12 +0000 2018,-0.718,0.0,0.769,0.231,63
363,Fox News,"Mom given emergency C-section without anesthesia, lawsuit claims https://t.co/5ggPnriLzc",Wed Aug 01 18:26:39 +0000 2018,-0.234,0.148,0.621,0.231,64
364,Fox News,".@ChrisStirewalt on Obama not endorsing red state Dems: ""This is an arrogant thing to do...He should stand back and‚Ä¶ https://t.co/isOh1vvowX",Wed Aug 01 18:21:19 +0000 2018,-0.494,0.0,0.856,0.144,65
365,Fox News,NJ brothers find 5 coveted 1952 Mickey Mantle cards in old collection https://t.co/Z0IbQAb5RS,Wed Aug 01 18:18:00 +0000 2018,0.0,0.0,1.0,0.0,66
366,Fox News,"Bermuda Triangle mystery 'solved,' scientists claim https://t.co/tukmHC65Gg",Wed Aug 01 18:02:14 +0000 2018,0.0,0.0,1.0,0.0,67
367,Fox News,.@PressSec: ‚ÄúThe president is going to continue to hold China responsible for their unfair trade practices. This ha‚Ä¶ https://t.co/88tPrwD83F,Wed Aug 01 17:54:14 +0000 2018,-0.202,0.103,0.759,0.138,68
368,Fox News,".@PressSec: ‚ÄúAt the president‚Äôs direction, the Department of Treasury is sanctioning Turkey‚Äôs Minister of Justice a‚Ä¶ https://t.co/6Rfv0qXXZy",Wed Aug 01 17:50:54 +0000 2018,0.637,0.257,0.743,0.0,69
369,Fox News,.@PressSec: ‚ÄúThe White House and FEMA have been actively monitoring the wildfires to ensure that federal assistance‚Ä¶ https://t.co/NppvYEkMXo,Wed Aug 01 17:48:09 +0000 2018,0.599,0.234,0.766,0.0,70
370,Fox News,"NEWS ALERT: Awaiting @WhiteHouse press briefing - For full live coverage, tune in to Fox News Channel! https://t.co/to9cui1hbd",Wed Aug 01 17:32:41 +0000 2018,0.498,0.168,0.832,0.0,71
371,Fox News,.@PressSec Sarah Sanders holds a @WhiteHouse press briefing. https://t.co/SSTYEFbRpp,Wed Aug 01 17:32:36 +0000 2018,0.0,0.0,1.0,0.0,72
372,Fox News,".@GOPChairwoman: ""People want President Trump's endorsement more than they want President Obama's."" #OutnumberedOT https://t.co/oR0NfCkH1x",Wed Aug 01 17:31:36 +0000 2018,0.44,0.308,0.692,0.0,73
373,Fox News,".@GOPChairwoman: ""@BarackObama didn't get anything done for 8 years that helped average working class families.""‚Ä¶ https://t.co/RsgnohwF46",Wed Aug 01 17:29:00 +0000 2018,0.0,0.0,1.0,0.0,74
374,Fox News,".@GOPChairwoman on the Democratic Party: ""It's a divided party now. They're going further and further left.""‚Ä¶ https://t.co/TQdKewi5IU",Wed Aug 01 17:28:19 +0000 2018,0.66,0.278,0.722,0.0,75
375,Fox News,".@GOPChairwoman: ""We look at 2016 and we recognize it was a repudiation of @BarackObama... I don't think a lot of c‚Ä¶ https://t.co/IFHiiIW1bH",Wed Aug 01 17:27:26 +0000 2018,0.0,0.0,1.0,0.0,76
376,Fox News,".@GOPChairwoman: ""This list is more interesting for the omissions than for the people that [@BarackObama] put on it‚Ä¶ https://t.co/tUUVYmKD5c",Wed Aug 01 17:26:41 +0000 2018,0.458,0.143,0.857,0.0,77
377,Fox News,".@GOPChairwoman: ""We need [@POTUS] on the trail to help us win in these midterms."" #OutnumberedOT https://t.co/xG8YTgz2wT",Wed Aug 01 17:24:59 +0000 2018,0.758,0.317,0.683,0.0,78
378,Fox News,".@GOPChairwoman: ""Complacency is the enemy of the party that takes the @WhiteHouse... Complacency is what we're mos‚Ä¶ https://t.co/fU0wxwuQId",Wed Aug 01 17:24:21 +0000 2018,-0.202,0.122,0.721,0.158,79
379,Fox News,".@SenatorRisch: ""People need to be very, very careful about what they believe when they're on the Internet.""‚Ä¶ https://t.co/Oo612QJjym",Wed Aug 01 17:15:16 +0000 2018,0.29,0.113,0.887,0.0,80
380,Fox News,A fire crew from San Luis Obispo County keeps an eye on an advancing wildfire from the perimeter of a residence Tue‚Ä¶ https://t.co/z2KTzOvVjY,Wed Aug 01 17:13:32 +0000 2018,-0.34,0.0,0.893,0.107,81
381,Fox News,A crowd of early-risers gather near the summit of Cadillac Mountain in Acadia National Park to be among the first i‚Ä¶ https://t.co/YF4Tycn384,Wed Aug 01 17:08:17 +0000 2018,0.0,0.0,1.0,0.0,82
382,Fox News,"NEWS ALERT: Awaiting @WhiteHouse press briefing - For full live coverage, tune in to Fox News Channel! https://t.co/ZsutH2TlSS",Wed Aug 01 16:57:04 +0000 2018,0.498,0.168,0.832,0.0,83
383,Fox News,".@newtgingrich: 'Good Chance' Manafort Wins at Trial, Making Mueller 'Look Like a Fool'
https://t.co/cuknpy32AY",Wed Aug 01 16:48:37 +0000 2018,0.802,0.505,0.364,0.132,84
384,Fox News,Trump urges Attorney General Sessions to end Russia probe https://t.co/s7RZvoad0O,Wed Aug 01 16:41:08 +0000 2018,0.0,0.0,1.0,0.0,85
385,Fox News,".@SenSchumer: ""The fly in the ointment here, of course, is @POTUS."" https://t.co/GzSiNiGfv6",Wed Aug 01 16:31:52 +0000 2018,0.0,0.0,1.0,0.0,86
386,Fox News,".@HARRISFAULKNER: ""@TheDemocrats right now are struggling to figure out who their base is."" #Outnumbered https://t.co/C2SOPrzmeL",Wed Aug 01 16:26:47 +0000 2018,-0.422,0.0,0.833,0.167,87
387,Fox News,Missing college student Mollie Tibbetts' boyfriend tells Fox News Channel of residents in the small Iowa town: 'You‚Ä¶ https://t.co/yhE1cHS8CZ,Wed Aug 01 16:25:22 +0000 2018,-0.296,0.0,0.891,0.109,88
388,Fox News,".@DavidAsmanfox: ""We just had a wage figure increase of 2.8%. We haven't had an increase like that in 10 years.""‚Ä¶ https://t.co/qmxGGGg9TV",Wed Aug 01 16:24:20 +0000 2018,0.727,0.295,0.705,0.0,89
389,Fox News,"Mollie Tibbetts' dad urges any witness to 'come forward,' says 'somebody knows something' - via @CristinaCorbin‚Ä¶ https://t.co/buLFTOMItn",Wed Aug 01 16:23:06 +0000 2018,0.0,0.0,1.0,0.0,90
390,Fox News,"Mollie Tibbetts' dad urges any witness to 'come forward,' says 'somebody knows something' https://t.co/FdHdLIFAvT",Wed Aug 01 16:04:22 +0000 2018,0.0,0.0,1.0,0.0,91
391,Fox News,"On @AmericaNewsroom, @newtgingrich slammed liberals for not acknowledging President @realDonaldTrump's economic acc‚Ä¶ https://t.co/mrkzyu0vQd",Wed Aug 01 15:56:00 +0000 2018,0.0,0.0,1.0,0.0,92
392,Fox News,"On @AmericaNewsroom‚Äã, @SteveHiltonx pushed back on those accusing President Donald J. Trump‚Äã of starting a trade wa‚Ä¶ https://t.co/R5u9CwnilQ",Wed Aug 01 15:49:00 +0000 2018,-0.178,0.0,0.904,0.096,93
393,Fox News,".@CoryGardner: ""We have to continue this doctrine of maximum pressure."" https://t.co/rRXTed1c97",Wed Aug 01 15:43:47 +0000 2018,0.0,0.0,1.0,0.0,94
394,Fox News,".@newtgingrich: ""84% of the American people believe sanctuary cities increase crime. 84%. Now, every Democrat in th‚Ä¶ https://t.co/NmPOp2vJp4",Wed Aug 01 15:35:00 +0000 2018,-0.296,0.106,0.734,0.161,95
395,Fox News,Deadly Northern California fire 35% contained; @Jeff_Journalist reports. https://t.co/scZo32yCnL,Wed Aug 01 15:32:35 +0000 2018,-0.34,0.0,0.769,0.231,96
396,Fox News,Maxine Waters hit with FEC complaint over mailer money https://t.co/UDSNhxqgcM,Wed Aug 01 15:20:51 +0000 2018,-0.296,0.0,0.804,0.196,97
397,Fox News,".@HeyTammyBruce: Liberals still hysterical over Hillary Clinton's loss get their own 'disease' 
https://t.co/phlm9nxLI9",Wed Aug 01 15:18:00 +0000 2018,-0.34,0.0,0.764,0.236,98
398,Fox News,Trump urges Attorney General Sessions to end Russia probe https://t.co/s7RZvoad0O,Wed Aug 01 15:16:10 +0000 2018,0.0,0.0,1.0,0.0,99
399,Fox News,"Flames consume a home as the River Fire tears through Lakeport, California. https://t.co/5UMEK4NCBw",Wed Aug 01 15:08:00 +0000 2018,-0.511,0.0,0.699,0.301,100
400,The New York Times,"RT @jdelreal: I joined the Redding Fire Dept as they visited the place their colleague, Jeremy Stoke, was killed by the Carr Fire. As they‚Ä¶",Thu Aug 02 01:17:03 +0000 2018,-0.852,0.0,0.693,0.307,1
401,The New York Times,Evening Briefing: Here's what you need to know at the end of the day https://t.co/pGnyegNxFm,Thu Aug 02 01:02:02 +0000 2018,0.0,0.0,1.0,0.0,2
402,The New York Times,From @nytimestravel: A guide to 10 cities where you can have an upscale trip without paying top dollar https://t.co/2HFxU7e85E,Thu Aug 02 00:47:05 +0000 2018,-0.151,0.0,0.914,0.086,3
403,The New York Times,"The best TV shows and movies new to Netflix, Amazon and more in August https://t.co/DxRIesXB0P",Thu Aug 02 00:32:02 +0000 2018,0.71,0.312,0.688,0.0,4
404,The New York Times,"RT @NYTStyles: ""In its current form, wellness isn‚Äôt filling in the gaps left by medicine. It‚Äôs exploiting them."" ‚Äî @DrJenGunter https://t.c‚Ä¶",Thu Aug 02 00:17:03 +0000 2018,0.0,0.122,0.756,0.122,5
405,The New York Times,"Tesla said that it was still on pace to turn a profit later this year, after a quarter in which it continued to bur‚Ä¶ https://t.co/XA1Y8nnGjm",Thu Aug 02 00:02:02 +0000 2018,0.44,0.116,0.884,0.0,6
406,The New York Times,Democratic congressional candidates around the U.S. are putting a health care message at the center of their campai‚Ä¶ https://t.co/6frr9DPzui,Wed Aug 01 23:47:03 +0000 2018,0.494,0.158,0.842,0.0,7
407,The New York Times,"‚ÄúGod, come to our aid‚Äù: Survivors of the Aeromexico flight that crashed tell their stories https://t.co/nks8AwsKxe",Wed Aug 01 23:32:04 +0000 2018,0.0,0.0,1.0,0.0,8
408,The New York Times,"RT @jakesilverstein: This weekend‚Äôs @NYTmag is devoted to one story, by @NathanielRich, about a crucial decade in the history of climate ch‚Ä¶",Wed Aug 01 23:17:03 +0000 2018,0.402,0.119,0.881,0.0,9
409,The New York Times,Ohio State announced that Urban Meyer was being put on paid administrative leave while the university investigates‚Ä¶ https://t.co/BYv8qfSin8,Wed Aug 01 23:02:08 +0000 2018,-0.052,0.0,0.934,0.066,10
410,The New York Times,"RT @NYTSports: Urban Meyer claimed to not know about the accusations, but a report suggests his wife did https://t.co/SkFNLBDl0x",Wed Aug 01 22:50:48 +0000 2018,-0.166,0.0,0.912,0.088,11
411,The New York Times,Evening Briefing: Here's what you need to know at the end of the day https://t.co/RSWRTKBwGD,Wed Aug 01 22:47:06 +0000 2018,0.0,0.0,1.0,0.0,12
412,The New York Times,"Roughly three-dozen firefighters were searching for any remnants of their fallen colleague, Jeremy Stoke ‚Äî a badge,‚Ä¶ https://t.co/927x2dd3kh",Wed Aug 01 22:32:11 +0000 2018,-0.361,0.0,0.857,0.143,13
413,The New York Times,"RT @nytgraphics: The financial fraud trial of Paul Manafort, Donald J. Trump‚Äôs former campaign manager, opened on Tuesday. Here‚Äôs how he is‚Ä¶",Wed Aug 01 22:17:16 +0000 2018,-0.586,0.0,0.847,0.153,14
414,The New York Times,"The Fields Medal, bestowed every four years to mathematicians 40 years or younger, is often described as the subjec‚Ä¶ https://t.co/FM38RI537y",Wed Aug 01 22:02:06 +0000 2018,0.477,0.14,0.86,0.0,15
415,The New York Times,You‚Äôre not the only one avoiding the subway in NYC. Ridership has dropped for the second year in a row as New Yorke‚Ä¶ https://t.co/k2AW2zpDES,Wed Aug 01 21:47:07 +0000 2018,-0.34,0.0,0.902,0.098,16
416,The New York Times,"1931: Black residents are required to submit ‚Äúhealth certificates‚Äù to enter a Pittsburgh pool
1949: 50 black swimme‚Ä¶ https://t.co/4kugwcH73z",Wed Aug 01 21:32:06 +0000 2018,0.0,0.0,1.0,0.0,17
417,The New York Times,"RT @rachelswarns: In mid-July, a group of Muslim children attending an Arabic literacy   program decided to swim at their local pool in Del‚Ä¶",Wed Aug 01 21:17:19 +0000 2018,0.0,0.0,1.0,0.0,18
418,The New York Times,"President Trump may raise tariffs on fish, handbags and other goods from China to 25%, not 10% as planned https://t.co/5XCtI5zXpz",Wed Aug 01 21:01:05 +0000 2018,0.0,0.0,1.0,0.0,19
419,The New York Times,"As much as they may loath President Trump, members of the Green Party say several issues ‚Äî including corporate dona‚Ä¶ https://t.co/diKy468Zbf",Wed Aug 01 20:45:05 +0000 2018,0.402,0.124,0.876,0.0,20
420,The New York Times,The 5 largest quarterly stock buybacks on record now all belong to Apple https://t.co/NzFICM2WOJ,Wed Aug 01 20:30:10 +0000 2018,0.0,0.0,1.0,0.0,21
421,The New York Times,Cond√© Nast lost $120 million last year. Now the company plans to put 3 magazines up for sale. https://t.co/hId96CmLmG,Wed Aug 01 20:15:05 +0000 2018,-0.318,0.0,0.881,0.119,22
422,The New York Times,Google withdrew from China 8 years ago to protest the country's censorship and online hacking. Now the company is b‚Ä¶ https://t.co/vsNVoflKbA,Wed Aug 01 20:00:06 +0000 2018,-0.25,0.0,0.905,0.095,23
423,The New York Times,"Why is the U.S. Embassy in London auctioning 1,200 rolls of toilet paper? We asked. They explained. https://t.co/SLGH5xEApJ",Wed Aug 01 19:45:05 +0000 2018,0.0,0.0,1.0,0.0,24
424,The New York Times,"The Freemason groups of England and Wales addressed the status of transgender people for the first time, saying men‚Ä¶ https://t.co/C7HZktVBgN",Wed Aug 01 19:30:10 +0000 2018,0.0,0.0,1.0,0.0,25
425,The New York Times,"What is QAnon? Well, do you remember Pizzagate? It's a little like that: a web of baseless conspiracy theories. https://t.co/vbTGVDJudb",Wed Aug 01 19:15:05 +0000 2018,-0.116,0.202,0.65,0.147,26
426,The New York Times,"Thieves stole three royal treasures from a cathedral in Sweden, smashing open a display case and escaping on a spee‚Ä¶ https://t.co/itFyagQtbO",Wed Aug 01 19:00:09 +0000 2018,-0.077,0.179,0.673,0.148,27
427,The New York Times,Barack Obama just endorsed 81 Democrats running in the 2018 elections. Many were longtime Obama loyalists. Most of‚Ä¶ https://t.co/gmJuUYvO17,Wed Aug 01 18:45:08 +0000 2018,0.477,0.194,0.806,0.0,28
428,The New York Times,The CEO of the world's largest steel maker says Trump's tariffs have led to his company's best performance since 20‚Ä¶ https://t.co/lHXEFeNQFn,Wed Aug 01 18:30:16 +0000 2018,0.637,0.174,0.826,0.0,29
429,The New York Times,"When the Trump administration announced a citizenship question would appear on the 2020 census, it was met with con‚Ä¶ https://t.co/OnpKPNHT5H",Wed Aug 01 18:15:09 +0000 2018,0.0,0.0,1.0,0.0,30
430,The New York Times,Those green swirling masses you see on the beach? They're not algae. They're green worms. https://t.co/9Y1RvzF8Mr,Wed Aug 01 18:00:09 +0000 2018,0.0,0.0,1.0,0.0,31
431,The New York Times,"So, dogs or cats? Who owns the internet? Let us know in the comments: https://t.co/V1J3aSNPgv",Wed Aug 01 17:57:16 +0000 2018,0.0,0.0,1.0,0.0,32
432,The New York Times,Dogs can be dressed up and made to perform for their audiences in a way that cats just won‚Äôt. Maybe it‚Äôs not a surp‚Ä¶ https://t.co/yIk9zPpcfO,Wed Aug 01 17:54:34 +0000 2018,0.0,0.0,1.0,0.0,33
433,The New York Times,But lately? We‚Äôre seeing more and more dogs on the internet. And this tells us something about how the internet its‚Ä¶ https://t.co/OOUSVH5doy,Wed Aug 01 17:51:02 +0000 2018,0.0,0.0,1.0,0.0,34
434,The New York Times,They represent chaos without consequence. Cats represent the internet as an apolitical playground where crazy stuff‚Ä¶ https://t.co/EP99xEwolm,Wed Aug 01 17:48:14 +0000 2018,-0.727,0.0,0.711,0.289,35
435,The New York Times,Cat videos are so popular on the internet that they‚Äôve become universal shorthand for the internet itself. Or at le‚Ä¶ https://t.co/earLad6qf8,Wed Aug 01 17:22:21 +0000 2018,0.56,0.153,0.847,0.0,36
436,The New York Times,Alaska Airlines apologized this week after a flight attendant asked a gay man to give up his seat next to his partn‚Ä¶ https://t.co/1bUQ9QEcCW,Wed Aug 01 17:15:06 +0000 2018,0.318,0.103,0.897,0.0,37
437,The New York Times,A company in Britain is using edgy funeral ads to open a conversation about death. But some say the campaign goes t‚Ä¶ https://t.co/pTr7ovWQrS,Wed Aug 01 17:04:32 +0000 2018,-0.494,0.0,0.819,0.181,38
438,The New York Times,"RT @liamstack: Even with Trump in the White House, many in the Green Party squint to see the difference between Democrats and Republicans.‚Ä¶",Wed Aug 01 16:45:09 +0000 2018,0.402,0.109,0.891,0.0,39
439,The New York Times,Candidates in this year‚Äôs midterm elections have a new tool in their campaign arsenal: mass-texts sent directly to‚Ä¶ https://t.co/Y7kmXGhrJB,Wed Aug 01 16:30:06 +0000 2018,0.0,0.0,1.0,0.0,40
440,The New York Times,A reporter was surprised to learn that her New York Times article was censored in Qatar. Here's what happened. https://t.co/2v7fw2bxuT,Wed Aug 01 16:15:08 +0000 2018,0.077,0.093,0.829,0.078,41
441,The New York Times,"Accusations of harassment, bullying and editorial interference are roiling Billboard, just as the the whole industr‚Ä¶ https://t.co/xqpmwYM5h1",Wed Aug 01 16:00:07 +0000 2018,-0.866,0.0,0.591,0.409,42
442,The New York Times,"Cody Wilson has been called one of the world's ""most dangerous people."" For more than 5 years, he has pushed to pub‚Ä¶ https://t.co/yrvNbmOx5T",Wed Aug 01 15:45:09 +0000 2018,-0.526,0.0,0.861,0.139,43
443,The New York Times,"RT @NYTmag: Thirty years ago, we almost saved the planet. This is the story of how we failed. https://t.co/EglEQFwHPu https://t.co/WBtopm5p‚Ä¶",Wed Aug 01 15:30:08 +0000 2018,-0.201,0.105,0.756,0.139,44
444,The New York Times,If this hearty quinoa and white bean soup recipe proves anything it is: Soup doesn't have to be loaded with meat to‚Ä¶ https://t.co/hULMJ2xXmQ,Wed Aug 01 15:15:11 +0000 2018,0.0,0.0,1.0,0.0,45
445,The New York Times,A new app lets you pay celebrities to... just say stuff https://t.co/Ayq0prHiPt,Wed Aug 01 15:00:07 +0000 2018,-0.103,0.0,0.877,0.123,46
446,The New York Times,"RT @NYTScience: The Fields Medal, bestowed every four years to mathematicians 40 years or younger, is often described as the subject‚Äôs Nobe‚Ä¶",Wed Aug 01 14:45:10 +0000 2018,0.477,0.129,0.871,0.0,47
447,The New York Times,Breaking News: President Trump called on Attorney General Jeff Sessions to end the special counsel investigation an‚Ä¶ https://t.co/VnBmYgiEZT,Wed Aug 01 14:32:06 +0000 2018,0.402,0.137,0.863,0.0,48
448,The New York Times,RT @jessbidgood: Those police officers who quit over ill-fitting vests and old cruisers? There is a little more to the story. I went to Bla‚Ä¶,Wed Aug 01 14:15:09 +0000 2018,0.0,0.0,1.0,0.0,49
449,The New York Times,A major Australian supermarket chain reversed its decision to ban single-use plastic bags after its customers compl‚Ä¶ https://t.co/NghMlHX3kj,Wed Aug 01 14:00:15 +0000 2018,-0.557,0.0,0.816,0.184,50
450,The New York Times,"""He uses it for every occasion ‚Äî it's like his 'aloha,'"" Stephen  Colbert poked fun at President Trump for how ofte‚Ä¶ https://t.co/oOIIjeilNC",Wed Aug 01 13:45:04 +0000 2018,0.7,0.234,0.766,0.0,51
451,The New York Times,There were no signs of foul play when a pregnant bottlenose dolphin washed up in Mississippi. Then they found the b‚Ä¶ https://t.co/LwylbIyUc3,Wed Aug 01 13:30:08 +0000 2018,0.052,0.102,0.805,0.093,52
452,The New York Times,"RT @nytlizrobbins: Cayuga Centers transformed from a modest upstate NY program, one that was struggling to keep kids safe, to the largest p‚Ä¶",Wed Aug 01 13:15:06 +0000 2018,0.026,0.113,0.778,0.109,53
453,The New York Times,Morning¬†Briefing: Here's what you need to know to start your day https://t.co/OqaZ6IEwi0 https://t.co/IuucSqpyG5,Wed Aug 01 13:00:10 +0000 2018,0.0,0.0,1.0,0.0,54
454,The New York Times,The Justice Department is investigating claims that drug companies doing business in Iraq knew that the free medici‚Ä¶ https://t.co/Pd9GF3CFJA,Wed Aug 01 12:46:08 +0000 2018,0.772,0.283,0.717,0.0,55
455,The New York Times,Paul Manafort's trial on financial fraud charges opened on Tuesday with an effort by his defense team to deflect bl‚Ä¶ https://t.co/LVww9IfjgB,Wed Aug 01 12:30:09 +0000 2018,-0.66,0.059,0.709,0.232,56
456,The New York Times,"After a record level of turnover in the Trump administration, Stephen Miller has succeeded in surrounding himself w‚Ä¶ https://t.co/hHX1naIkJR",Wed Aug 01 12:14:04 +0000 2018,0.422,0.141,0.859,0.0,57
457,The New York Times,"Your daily @DealBook Briefing:

‚Ä¢ Facebook flags midterm meddling.

‚Ä¢ Apple sweats its way to $1 trillion.

‚Ä¢ Googl‚Ä¶ https://t.co/cLxoo92uGK",Wed Aug 01 12:00:14 +0000 2018,0.0,0.0,1.0,0.0,58
458,The New York Times,"RT @nytopinion: Steven Mnuchin, the Treasury secretary, wants to give the superrich another huge tax break just months after Congress passe‚Ä¶",Wed Aug 01 11:44:04 +0000 2018,0.477,0.177,0.823,0.0,59
459,The New York Times,"""They are expanding everything,"" an arms control expert said about North Korea. ""And to be fair, they have never sa‚Ä¶ https://t.co/A0gVIHxCOF",Wed Aug 01 11:30:07 +0000 2018,0.318,0.103,0.897,0.0,60
460,The New York Times,Blueprints for making a variety of plastic guns on 3-D printers were scheduled to be posted online today. Here's a‚Ä¶ https://t.co/spieYYWSZC,Wed Aug 01 11:20:08 +0000 2018,0.0,0.0,1.0,0.0,61
461,The New York Times,Robert Mueller has referred 3 investigations into possible illicit foreign lobbying to federal prosecutors in New Y‚Ä¶ https://t.co/VQ1hkkwUwE,Wed Aug 01 11:11:05 +0000 2018,-0.077,0.0,0.925,0.075,62
462,The New York Times,"Sarah Hanson-Young, an Australian senator, filed a defamation suit against a fellow lawmaker who she says made a se‚Ä¶ https://t.co/T25tppuKo6",Wed Aug 01 11:01:07 +0000 2018,0.0,0.0,1.0,0.0,63
463,The New York Times,"RT @amyvirshup: Separated children at Cayuga Centers took the city by surprise, but in fact, it had been making itself into the biggest fos‚Ä¶",Wed Aug 01 10:51:01 +0000 2018,0.141,0.063,0.937,0.0,64
464,The New York Times,"""The church is immersed in a deep crisis, and those who committed abuses against minors have to pay for those crime‚Ä¶ https://t.co/z34sqali0m",Wed Aug 01 10:40:06 +0000 2018,-0.791,0.074,0.603,0.323,65
465,The New York Times,"Tommy Robinson, the jailed British far-right activist who has gained the support of figures like Stephen Bannon, wa‚Ä¶ https://t.co/qTO1AlmNmq",Wed Aug 01 10:30:14 +0000 2018,0.557,0.3,0.577,0.123,66
466,The New York Times,"Taiwan has been chosen as the first Asian host for the Oslo Freedom Forum, an international human rights conference  https://t.co/XChjLbVQe2",Wed Aug 01 10:15:07 +0000 2018,0.637,0.181,0.819,0.0,67
467,The New York Times,Morning¬†Briefing: Here's what you need to know to start your day https://t.co/q0Y7ThSrbe https://t.co/hlUo4wgDYx,Wed Aug 01 10:00:09 +0000 2018,0.0,0.0,1.0,0.0,68
468,The New York Times,One construction firm used China's Belt and Road plan to justify a deal to build an amusement park in an Indonesian‚Ä¶ https://t.co/kfqohSMqPG,Wed Aug 01 09:45:05 +0000 2018,0.361,0.111,0.889,0.0,69
469,The New York Times,The second-largest number of votes in Cambodia's general election went to a surprising beneficiary: no one https://t.co/jqco30UHC4,Wed Aug 01 09:32:05 +0000 2018,0.511,0.314,0.58,0.106,70
470,The New York Times,Facebook said that it had identified a political influence campaign that was potentially built to disrupt the U.S.‚Ä¶ https://t.co/wuePI6gIjl,Wed Aug 01 09:15:08 +0000 2018,0.0,0.0,1.0,0.0,71
471,The New York Times,"Police say a Connecticut man used dating apps to hunt women, including a nurse he met through Tinder who was murder‚Ä¶ https://t.co/lBWHxlaLq0",Wed Aug 01 09:00:05 +0000 2018,0.0,0.0,1.0,0.0,72
472,The New York Times,RT @nytimesworld: 3 Russian journalists who were investigating the activities of a private security company were killed in the Central Afri‚Ä¶,Wed Aug 01 08:46:05 +0000 2018,-0.477,0.1,0.711,0.188,73
473,The New York Times,"""The touchpoint with ISIS is not by proximity to the caliphate but through the relationships they make online,"" sai‚Ä¶ https://t.co/VAwrV6KNpQ",Wed Aug 01 08:30:08 +0000 2018,0.0,0.0,1.0,0.0,74
474,The New York Times,"RT @nytimesworld: ‚ÄúI don‚Äôt think the government realizes how bad the drought is,‚Äù one Australian cattle farmer said. ‚ÄúFarmers are past the‚Ä¶",Wed Aug 01 08:15:06 +0000 2018,-0.542,0.0,0.857,0.143,75
475,The New York Times,"""Among everyone caught up in the #MeToo movement, only Mr. Moonves was so bold ‚Äî or so reckless ‚Äî as to start a civ‚Ä¶ https://t.co/C91XUrI0So",Wed Aug 01 08:02:02 +0000 2018,0.096,0.128,0.759,0.114,76
476,The New York Times,RT @nytopinion: Exploiting my family by having my sister disown me on state television was by far Iran's most ferocious attempt to shame me‚Ä¶,Wed Aug 01 07:47:02 +0000 2018,-0.771,0.0,0.732,0.268,77
477,The New York Times,"""You started understanding the life of the people, how they lived, what they thought, who they loved"" https://t.co/D64VSN8vlm",Wed Aug 01 07:32:06 +0000 2018,0.599,0.187,0.813,0.0,78
478,The New York Times,China‚Äôs Plan to Win Friends and Influence Includes Ski Slopes and Spas https://t.co/xK8ySAhcMY,Wed Aug 01 07:18:31 +0000 2018,0.784,0.385,0.615,0.0,79
479,The New York Times,RT @PekingMike: Important story on some pushback against Xi - must read. By ‚Å¶@ChuBailiang‚Å©  https://t.co/FRa3dyxP4Q,Wed Aug 01 07:18:06 +0000 2018,0.202,0.122,0.878,0.0,80
480,The New York Times,One Cambodian voter defaced his or her ballot with a lively reference to a dog‚Äôs anatomy. Others ticked every singl‚Ä¶ https://t.co/eJrY025AvH,Wed Aug 01 07:05:06 +0000 2018,0.026,0.128,0.749,0.123,81
481,The New York Times,There it was: Glowering red on the dashboard of the sky like an astrological warning light next to the full Blood M‚Ä¶ https://t.co/h16wlMDCnI,Wed Aug 01 06:36:50 +0000 2018,0.026,0.097,0.811,0.093,82
482,The New York Times,"New Jersey, in a first-of-its-kind initiative, has set aside millions to pay for community journalism. ""It‚Äôs one of‚Ä¶ https://t.co/o3Tq6hcRD4",Wed Aug 01 06:19:32 +0000 2018,-0.103,0.0,0.924,0.076,83
483,The New York Times,RT @nytimesworld: Rumors are swirling in Tehran that secret talks with the United States may already be under way. The foreign minister of‚Ä¶,Wed Aug 01 06:02:05 +0000 2018,0.422,0.113,0.887,0.0,84
484,The New York Times,"News of Laos Dam Failure Didn‚Äôt Reach Them, but the Water Did https://t.co/23TWO65fyh",Wed Aug 01 05:56:33 +0000 2018,-0.273,0.074,0.775,0.151,85
485,The New York Times,"Florida has an algae problem, and it‚Äôs big. A toxic bloom in the waters off the state‚Äôs southwestern coast is killi‚Ä¶ https://t.co/jYlp7XXndg",Wed Aug 01 05:36:50 +0000 2018,-0.402,0.0,0.881,0.119,86
486,The New York Times,"His mother ran toward him, her heart racing. ""I cried and hugged him ‚Äî but he didn't even care. He stood there froz‚Ä¶ https://t.co/nO4UfYyt5K",Wed Aug 01 05:19:44 +0000 2018,-0.526,0.068,0.738,0.193,87
487,The New York Times,"RT @nytopinion: Ida B. Wells, anti-lynching champion, finally gets her name on a street in Chicago. https://t.co/ZgF34gZoqc",Wed Aug 01 05:02:05 +0000 2018,0.71,0.296,0.704,0.0,88
488,The New York Times,An astrophysicist finds even more evidence for climate change on Earth ‚Äî in outer space https://t.co/KlN43UsIg7,Wed Aug 01 04:42:05 +0000 2018,0.0,0.0,1.0,0.0,89
489,The New York Times,"RT @NYTNational: ‚ö°Ô∏è ‚ÄúScorched Earth and Smoky Sky: What a California Wildfire Leaves Behind‚Äù

https://t.co/egXccw8EkH",Wed Aug 01 04:22:01 +0000 2018,0.0,0.0,1.0,0.0,90
490,The New York Times,Mueller Passes 3 Cases Focused on Illicit Foreign Lobbying to Prosecutors in New York https://t.co/8mva7NrkBl,Wed Aug 01 04:20:30 +0000 2018,0.318,0.164,0.755,0.082,91
491,The New York Times,"""This is really frightening if this is the new normal,"" said an energy industry analyst in Norway https://t.co/nMwkPhsTjq",Wed Aug 01 04:07:03 +0000 2018,-0.338,0.097,0.741,0.162,92
492,The New York Times,"Nationals 25, Mets 4: Mets Endure Most Lopsided Defeat in Franchise History https://t.co/TyukKqbwRD",Wed Aug 01 03:53:29 +0000 2018,-0.507,0.0,0.785,0.215,93
493,The New York Times,"Aloha Poke Co., which sent cease-and-desist letters to restaurants with similar names, has apologized after being a‚Ä¶ https://t.co/7panJw26ec",Wed Aug 01 03:47:02 +0000 2018,0.318,0.119,0.881,0.0,94
494,The New York Times,"The remains of a Tuskegee Airman whose plane went down in 1944 have been identified, ending his daughter's quest fo‚Ä¶ https://t.co/oKEJOv2y3S",Wed Aug 01 03:32:03 +0000 2018,0.0,0.0,1.0,0.0,95
495,The New York Times,RT @NYTFashion: One-piece swimsuits are more stylish anyway! https://t.co/aWY2lGcFnM,Wed Aug 01 03:17:05 +0000 2018,0.0,0.0,1.0,0.0,96
496,The New York Times,"The small town of Blandford, Massachusetts, lost its entire police force when all 4 officers quit, saying their job‚Ä¶ https://t.co/oFancYvdKO",Wed Aug 01 03:02:02 +0000 2018,-0.318,0.0,0.887,0.113,97
497,The New York Times,A Florida sheriff defended his decision not to arrest a white shooting suspect who killed an unarmed black man. ‚ÄúI‚Ä¶ https://t.co/6172xMTqXd,Wed Aug 01 02:47:00 +0000 2018,-0.687,0.082,0.647,0.271,98
498,The New York Times,"It has been a bruising time for Billboard, involving allegations of editorial interference and inappropriate behavi‚Ä¶ https://t.co/ss2uVoGjOC",Wed Aug 01 02:32:03 +0000 2018,0.0,0.0,1.0,0.0,99
499,The New York Times,"RT @nytpolitics: Alex Jones, the founder of InfoWars, is seeking over $100,000 in court costs from the parents of Noah Pozner, who died at‚Ä¶",Wed Aug 01 02:17:03 +0000 2018,-0.557,0.0,0.865,0.135,100
